filename,filepath,dialect,source_file,duration
Chittagonian_JvwgOr-K0vQ_seg0000.wav,/kaggle/working/segmented_dataset/Chittagonian_JvwgOr-K0vQ_seg0000.wav,Chittagonian,Chittagonian_JvwgOr-K0vQ,18.612
Chittagonian_JvwgOr-K0vQ_seg0001.wav,/kaggle/working/segmented_dataset/Chittagonian_JvwgOr-K0vQ_seg0001.wav,Chittagonian,Chittagonian_JvwgOr-K0vQ,19.088
Chittagonian_JvwgOr-K0vQ_seg0002.wav,/kaggle/working/segmented_dataset/Chittagonian_JvwgOr-K0vQ_seg0002.wav,Chittagonian,Chittagonian_JvwgOr-K0vQ,5.82
Chittagonian_JvwgOr-K0vQ_seg0003.wav,/kaggle/working/segmented_dataset/Chittagonian_JvwgOr-K0vQ_seg0003.wav,Chittagonian,Chittagonian_JvwgOr-K0vQ,19.924
Chittagonian_JvwgOr-K0vQ_seg0004.wav,/kaggle/working/segmented_dataset/Chittagonian_JvwgOr-K0vQ_seg0004.wav,Chittagonian,Chittagonian_JvwgOr-K0vQ,18.536
Chittagonian_JvwgOr-K0vQ_seg0005.wav,/kaggle/working/segmented_dataset/Chittagonian_JvwgOr-K0vQ_seg0005.wav,Chittagonian,Chittagonian_JvwgOr-K0vQ,19.528
Chittagonian_JvwgOr-K0vQ_seg0006.wav,/kaggle/working/segmented_dataset/Chittagonian_JvwgOr-K0vQ_seg0006.wav,Chittagonian,Chittagonian_JvwgOr-K0vQ,18.2
Chittagonian_JvwgOr-K0vQ_seg0007.wav,/kaggle/working/segmented_dataset/Chittagonian_JvwgOr-K0vQ_seg0007.wav,Chittagonian,Chittagonian_JvwgOr-K0vQ,17.756
Chittagonian_JvwgOr-K0vQ_seg0008.wav,/kaggle/working/segmented_dataset/Chittagonian_JvwgOr-K0vQ_seg0008.wav,Chittagonian,Chittagonian_JvwgOr-K0vQ,19.944
Chittagonian_JvwgOr-K0vQ_seg0009.wav,/kaggle/working/segmented_dataset/Chittagonian_JvwgOr-K0vQ_seg0009.wav,Chittagonian,Chittagonian_JvwgOr-K0vQ,19.12
Chittagonian_JvwgOr-K0vQ_seg0010.wav,/kaggle/working/segmented_dataset/Chittagonian_JvwgOr-K0vQ_seg0010.wav,Chittagonian,Chittagonian_JvwgOr-K0vQ,18.148
Chittagonian_JvwgOr-K0vQ_seg0011.wav,/kaggle/working/segmented_dataset/Chittagonian_JvwgOr-K0vQ_seg0011.wav,Chittagonian,Chittagonian_JvwgOr-K0vQ,19.904
Chittagonian_JvwgOr-K0vQ_seg0012.wav,/kaggle/working/segmented_dataset/Chittagonian_JvwgOr-K0vQ_seg0012.wav,Chittagonian,Chittagonian_JvwgOr-K0vQ,15.556
Chittagonian_JvwgOr-K0vQ_seg0013.wav,/kaggle/working/segmented_dataset/Chittagonian_JvwgOr-K0vQ_seg0013.wav,Chittagonian,Chittagonian_JvwgOr-K0vQ,18.908
Chittagonian_JvwgOr-K0vQ_seg0014.wav,/kaggle/working/segmented_dataset/Chittagonian_JvwgOr-K0vQ_seg0014.wav,Chittagonian,Chittagonian_JvwgOr-K0vQ,18.012
Chittagonian_JvwgOr-K0vQ_seg0015.wav,/kaggle/working/segmented_dataset/Chittagonian_JvwgOr-K0vQ_seg0015.wav,Chittagonian,Chittagonian_JvwgOr-K0vQ,19.836
Chittagonian_JvwgOr-K0vQ_seg0016.wav,/kaggle/working/segmented_dataset/Chittagonian_JvwgOr-K0vQ_seg0016.wav,Chittagonian,Chittagonian_JvwgOr-K0vQ,19.42
Chittagonian_JvwgOr-K0vQ_seg0017.wav,/kaggle/working/segmented_dataset/Chittagonian_JvwgOr-K0vQ_seg0017.wav,Chittagonian,Chittagonian_JvwgOr-K0vQ,19.276
Chittagonian_JvwgOr-K0vQ_seg0018.wav,/kaggle/working/segmented_dataset/Chittagonian_JvwgOr-K0vQ_seg0018.wav,Chittagonian,Chittagonian_JvwgOr-K0vQ,19.944
Chittagonian_JvwgOr-K0vQ_seg0019.wav,/kaggle/working/segmented_dataset/Chittagonian_JvwgOr-K0vQ_seg0019.wav,Chittagonian,Chittagonian_JvwgOr-K0vQ,16.544
Chittagonian_JvwgOr-K0vQ_seg0020.wav,/kaggle/working/segmented_dataset/Chittagonian_JvwgOr-K0vQ_seg0020.wav,Chittagonian,Chittagonian_JvwgOr-K0vQ,19.704
Chittagonian_JvwgOr-K0vQ_seg0021.wav,/kaggle/working/segmented_dataset/Chittagonian_JvwgOr-K0vQ_seg0021.wav,Chittagonian,Chittagonian_JvwgOr-K0vQ,18.452
Chittagonian_JvwgOr-K0vQ_seg0022.wav,/kaggle/working/segmented_dataset/Chittagonian_JvwgOr-K0vQ_seg0022.wav,Chittagonian,Chittagonian_JvwgOr-K0vQ,18.844
Chittagonian_JvwgOr-K0vQ_seg0023.wav,/kaggle/working/segmented_dataset/Chittagonian_JvwgOr-K0vQ_seg0023.wav,Chittagonian,Chittagonian_JvwgOr-K0vQ,14.584
Chittagonian_JvwgOr-K0vQ_seg0024.wav,/kaggle/working/segmented_dataset/Chittagonian_JvwgOr-K0vQ_seg0024.wav,Chittagonian,Chittagonian_JvwgOr-K0vQ,19.356
Chittagonian_JvwgOr-K0vQ_seg0025.wav,/kaggle/working/segmented_dataset/Chittagonian_JvwgOr-K0vQ_seg0025.wav,Chittagonian,Chittagonian_JvwgOr-K0vQ,19.18
Chittagonian_JvwgOr-K0vQ_seg0026.wav,/kaggle/working/segmented_dataset/Chittagonian_JvwgOr-K0vQ_seg0026.wav,Chittagonian,Chittagonian_JvwgOr-K0vQ,15.764
Chittagonian_JvwgOr-K0vQ_seg0027.wav,/kaggle/working/segmented_dataset/Chittagonian_JvwgOr-K0vQ_seg0027.wav,Chittagonian,Chittagonian_JvwgOr-K0vQ,19.796
Chittagonian_JvwgOr-K0vQ_seg0028.wav,/kaggle/working/segmented_dataset/Chittagonian_JvwgOr-K0vQ_seg0028.wav,Chittagonian,Chittagonian_JvwgOr-K0vQ,17.692
Chittagonian_JvwgOr-K0vQ_seg0029.wav,/kaggle/working/segmented_dataset/Chittagonian_JvwgOr-K0vQ_seg0029.wav,Chittagonian,Chittagonian_JvwgOr-K0vQ,15.912
Chittagonian_JvwgOr-K0vQ_seg0030.wav,/kaggle/working/segmented_dataset/Chittagonian_JvwgOr-K0vQ_seg0030.wav,Chittagonian,Chittagonian_JvwgOr-K0vQ,18.976
Chittagonian_JvwgOr-K0vQ_seg0031.wav,/kaggle/working/segmented_dataset/Chittagonian_JvwgOr-K0vQ_seg0031.wav,Chittagonian,Chittagonian_JvwgOr-K0vQ,17.248
Chittagonian_JvwgOr-K0vQ_seg0032.wav,/kaggle/working/segmented_dataset/Chittagonian_JvwgOr-K0vQ_seg0032.wav,Chittagonian,Chittagonian_JvwgOr-K0vQ,17.88
Chittagonian_JvwgOr-K0vQ_seg0033.wav,/kaggle/working/segmented_dataset/Chittagonian_JvwgOr-K0vQ_seg0033.wav,Chittagonian,Chittagonian_JvwgOr-K0vQ,14.332
Chittagonian_JvwgOr-K0vQ_seg0034.wav,/kaggle/working/segmented_dataset/Chittagonian_JvwgOr-K0vQ_seg0034.wav,Chittagonian,Chittagonian_JvwgOr-K0vQ,19.9
Chittagonian_JvwgOr-K0vQ_seg0035.wav,/kaggle/working/segmented_dataset/Chittagonian_JvwgOr-K0vQ_seg0035.wav,Chittagonian,Chittagonian_JvwgOr-K0vQ,19.62
Chittagonian_JvwgOr-K0vQ_seg0036.wav,/kaggle/working/segmented_dataset/Chittagonian_JvwgOr-K0vQ_seg0036.wav,Chittagonian,Chittagonian_JvwgOr-K0vQ,18.228
Chittagonian_JvwgOr-K0vQ_seg0037.wav,/kaggle/working/segmented_dataset/Chittagonian_JvwgOr-K0vQ_seg0037.wav,Chittagonian,Chittagonian_JvwgOr-K0vQ,16.584
Chittagonian_JvwgOr-K0vQ_seg0038.wav,/kaggle/working/segmented_dataset/Chittagonian_JvwgOr-K0vQ_seg0038.wav,Chittagonian,Chittagonian_JvwgOr-K0vQ,19.024
Chittagonian_JvwgOr-K0vQ_seg0039.wav,/kaggle/working/segmented_dataset/Chittagonian_JvwgOr-K0vQ_seg0039.wav,Chittagonian,Chittagonian_JvwgOr-K0vQ,19.688
Chittagonian_JvwgOr-K0vQ_seg0040.wav,/kaggle/working/segmented_dataset/Chittagonian_JvwgOr-K0vQ_seg0040.wav,Chittagonian,Chittagonian_JvwgOr-K0vQ,19.704
Chittagonian_JvwgOr-K0vQ_seg0041.wav,/kaggle/working/segmented_dataset/Chittagonian_JvwgOr-K0vQ_seg0041.wav,Chittagonian,Chittagonian_JvwgOr-K0vQ,18.932
Chittagonian_JvwgOr-K0vQ_seg0042.wav,/kaggle/working/segmented_dataset/Chittagonian_JvwgOr-K0vQ_seg0042.wav,Chittagonian,Chittagonian_JvwgOr-K0vQ,19.152
Chittagonian_JvwgOr-K0vQ_seg0043.wav,/kaggle/working/segmented_dataset/Chittagonian_JvwgOr-K0vQ_seg0043.wav,Chittagonian,Chittagonian_JvwgOr-K0vQ,19.48
Chittagonian_JvwgOr-K0vQ_seg0044.wav,/kaggle/working/segmented_dataset/Chittagonian_JvwgOr-K0vQ_seg0044.wav,Chittagonian,Chittagonian_JvwgOr-K0vQ,18.312
Chittagonian_JvwgOr-K0vQ_seg0045.wav,/kaggle/working/segmented_dataset/Chittagonian_JvwgOr-K0vQ_seg0045.wav,Chittagonian,Chittagonian_JvwgOr-K0vQ,19.696
Chittagonian_JvwgOr-K0vQ_seg0046.wav,/kaggle/working/segmented_dataset/Chittagonian_JvwgOr-K0vQ_seg0046.wav,Chittagonian,Chittagonian_JvwgOr-K0vQ,19.384
Chittagonian_JvwgOr-K0vQ_seg0047.wav,/kaggle/working/segmented_dataset/Chittagonian_JvwgOr-K0vQ_seg0047.wav,Chittagonian,Chittagonian_JvwgOr-K0vQ,19.44
Chittagonian_JvwgOr-K0vQ_seg0048.wav,/kaggle/working/segmented_dataset/Chittagonian_JvwgOr-K0vQ_seg0048.wav,Chittagonian,Chittagonian_JvwgOr-K0vQ,19.06
Chittagonian_JvwgOr-K0vQ_seg0049.wav,/kaggle/working/segmented_dataset/Chittagonian_JvwgOr-K0vQ_seg0049.wav,Chittagonian,Chittagonian_JvwgOr-K0vQ,14.028
Chittagonian_JvwgOr-K0vQ_seg0050.wav,/kaggle/working/segmented_dataset/Chittagonian_JvwgOr-K0vQ_seg0050.wav,Chittagonian,Chittagonian_JvwgOr-K0vQ,18.588
Chittagonian_JvwgOr-K0vQ_seg0051.wav,/kaggle/working/segmented_dataset/Chittagonian_JvwgOr-K0vQ_seg0051.wav,Chittagonian,Chittagonian_JvwgOr-K0vQ,18.236
Chittagonian_JvwgOr-K0vQ_seg0052.wav,/kaggle/working/segmented_dataset/Chittagonian_JvwgOr-K0vQ_seg0052.wav,Chittagonian,Chittagonian_JvwgOr-K0vQ,19.816
Chittagonian_JvwgOr-K0vQ_seg0053.wav,/kaggle/working/segmented_dataset/Chittagonian_JvwgOr-K0vQ_seg0053.wav,Chittagonian,Chittagonian_JvwgOr-K0vQ,19.5
Chittagonian_JvwgOr-K0vQ_seg0054.wav,/kaggle/working/segmented_dataset/Chittagonian_JvwgOr-K0vQ_seg0054.wav,Chittagonian,Chittagonian_JvwgOr-K0vQ,19.916
Chittagonian_JvwgOr-K0vQ_seg0055.wav,/kaggle/working/segmented_dataset/Chittagonian_JvwgOr-K0vQ_seg0055.wav,Chittagonian,Chittagonian_JvwgOr-K0vQ,15.948
Chittagonian_JvwgOr-K0vQ_seg0056.wav,/kaggle/working/segmented_dataset/Chittagonian_JvwgOr-K0vQ_seg0056.wav,Chittagonian,Chittagonian_JvwgOr-K0vQ,18.152
Chittagonian_JvwgOr-K0vQ_seg0057.wav,/kaggle/working/segmented_dataset/Chittagonian_JvwgOr-K0vQ_seg0057.wav,Chittagonian,Chittagonian_JvwgOr-K0vQ,17.896
Chittagonian_JvwgOr-K0vQ_seg0058.wav,/kaggle/working/segmented_dataset/Chittagonian_JvwgOr-K0vQ_seg0058.wav,Chittagonian,Chittagonian_JvwgOr-K0vQ,19.068
Chittagonian_JvwgOr-K0vQ_seg0059.wav,/kaggle/working/segmented_dataset/Chittagonian_JvwgOr-K0vQ_seg0059.wav,Chittagonian,Chittagonian_JvwgOr-K0vQ,18.888
Chittagonian_JvwgOr-K0vQ_seg0060.wav,/kaggle/working/segmented_dataset/Chittagonian_JvwgOr-K0vQ_seg0060.wav,Chittagonian,Chittagonian_JvwgOr-K0vQ,16.164
Chittagonian_JvwgOr-K0vQ_seg0061.wav,/kaggle/working/segmented_dataset/Chittagonian_JvwgOr-K0vQ_seg0061.wav,Chittagonian,Chittagonian_JvwgOr-K0vQ,19.648
Chittagonian_JvwgOr-K0vQ_seg0062.wav,/kaggle/working/segmented_dataset/Chittagonian_JvwgOr-K0vQ_seg0062.wav,Chittagonian,Chittagonian_JvwgOr-K0vQ,18.592
Chittagonian_JvwgOr-K0vQ_seg0063.wav,/kaggle/working/segmented_dataset/Chittagonian_JvwgOr-K0vQ_seg0063.wav,Chittagonian,Chittagonian_JvwgOr-K0vQ,18.512
Chittagonian_JvwgOr-K0vQ_seg0064.wav,/kaggle/working/segmented_dataset/Chittagonian_JvwgOr-K0vQ_seg0064.wav,Chittagonian,Chittagonian_JvwgOr-K0vQ,17.584
Chittagonian_JvwgOr-K0vQ_seg0065.wav,/kaggle/working/segmented_dataset/Chittagonian_JvwgOr-K0vQ_seg0065.wav,Chittagonian,Chittagonian_JvwgOr-K0vQ,19.448
Chittagonian_JvwgOr-K0vQ_seg0066.wav,/kaggle/working/segmented_dataset/Chittagonian_JvwgOr-K0vQ_seg0066.wav,Chittagonian,Chittagonian_JvwgOr-K0vQ,17.432
Chittagonian_JvwgOr-K0vQ_seg0067.wav,/kaggle/working/segmented_dataset/Chittagonian_JvwgOr-K0vQ_seg0067.wav,Chittagonian,Chittagonian_JvwgOr-K0vQ,18.76
Chittagonian_JvwgOr-K0vQ_seg0068.wav,/kaggle/working/segmented_dataset/Chittagonian_JvwgOr-K0vQ_seg0068.wav,Chittagonian,Chittagonian_JvwgOr-K0vQ,17.224
Chittagonian_JvwgOr-K0vQ_seg0069.wav,/kaggle/working/segmented_dataset/Chittagonian_JvwgOr-K0vQ_seg0069.wav,Chittagonian,Chittagonian_JvwgOr-K0vQ,18.688
Chittagonian_JvwgOr-K0vQ_seg0070.wav,/kaggle/working/segmented_dataset/Chittagonian_JvwgOr-K0vQ_seg0070.wav,Chittagonian,Chittagonian_JvwgOr-K0vQ,19.768
Chittagonian_JvwgOr-K0vQ_seg0071.wav,/kaggle/working/segmented_dataset/Chittagonian_JvwgOr-K0vQ_seg0071.wav,Chittagonian,Chittagonian_JvwgOr-K0vQ,18.812
Chittagonian_JvwgOr-K0vQ_seg0072.wav,/kaggle/working/segmented_dataset/Chittagonian_JvwgOr-K0vQ_seg0072.wav,Chittagonian,Chittagonian_JvwgOr-K0vQ,17.948
Noakhali_wMP0zweZUzA_seg0000.wav,/kaggle/working/segmented_dataset/Noakhali_wMP0zweZUzA_seg0000.wav,Noakhali,Noakhali_wMP0zweZUzA,17.344
Noakhali_wMP0zweZUzA_seg0001.wav,/kaggle/working/segmented_dataset/Noakhali_wMP0zweZUzA_seg0001.wav,Noakhali,Noakhali_wMP0zweZUzA,9.304
Noakhali_wMP0zweZUzA_seg0002.wav,/kaggle/working/segmented_dataset/Noakhali_wMP0zweZUzA_seg0002.wav,Noakhali,Noakhali_wMP0zweZUzA,15.988
Noakhali_wMP0zweZUzA_seg0003.wav,/kaggle/working/segmented_dataset/Noakhali_wMP0zweZUzA_seg0003.wav,Noakhali,Noakhali_wMP0zweZUzA,15.984
Noakhali_wMP0zweZUzA_seg0004.wav,/kaggle/working/segmented_dataset/Noakhali_wMP0zweZUzA_seg0004.wav,Noakhali,Noakhali_wMP0zweZUzA,10.74
Noakhali_wMP0zweZUzA_seg0005.wav,/kaggle/working/segmented_dataset/Noakhali_wMP0zweZUzA_seg0005.wav,Noakhali,Noakhali_wMP0zweZUzA,18.552
Noakhali_wMP0zweZUzA_seg0006.wav,/kaggle/working/segmented_dataset/Noakhali_wMP0zweZUzA_seg0006.wav,Noakhali,Noakhali_wMP0zweZUzA,16.56
Noakhali_wMP0zweZUzA_seg0007.wav,/kaggle/working/segmented_dataset/Noakhali_wMP0zweZUzA_seg0007.wav,Noakhali,Noakhali_wMP0zweZUzA,15.18
Noakhali_wMP0zweZUzA_seg0008.wav,/kaggle/working/segmented_dataset/Noakhali_wMP0zweZUzA_seg0008.wav,Noakhali,Noakhali_wMP0zweZUzA,29.628
Noakhali_wMP0zweZUzA_seg0009.wav,/kaggle/working/segmented_dataset/Noakhali_wMP0zweZUzA_seg0009.wav,Noakhali,Noakhali_wMP0zweZUzA,19.432
Noakhali_wMP0zweZUzA_seg0010.wav,/kaggle/working/segmented_dataset/Noakhali_wMP0zweZUzA_seg0010.wav,Noakhali,Noakhali_wMP0zweZUzA,17.86
Noakhali_wMP0zweZUzA_seg0011.wav,/kaggle/working/segmented_dataset/Noakhali_wMP0zweZUzA_seg0011.wav,Noakhali,Noakhali_wMP0zweZUzA,14.568
Noakhali_wMP0zweZUzA_seg0012.wav,/kaggle/working/segmented_dataset/Noakhali_wMP0zweZUzA_seg0012.wav,Noakhali,Noakhali_wMP0zweZUzA,18.596
Noakhali_wMP0zweZUzA_seg0013.wav,/kaggle/working/segmented_dataset/Noakhali_wMP0zweZUzA_seg0013.wav,Noakhali,Noakhali_wMP0zweZUzA,8.404
Noakhali_wMP0zweZUzA_seg0014.wav,/kaggle/working/segmented_dataset/Noakhali_wMP0zweZUzA_seg0014.wav,Noakhali,Noakhali_wMP0zweZUzA,20.732
Noakhali_wMP0zweZUzA_seg0015.wav,/kaggle/working/segmented_dataset/Noakhali_wMP0zweZUzA_seg0015.wav,Noakhali,Noakhali_wMP0zweZUzA,14.764
Noakhali_wMP0zweZUzA_seg0016.wav,/kaggle/working/segmented_dataset/Noakhali_wMP0zweZUzA_seg0016.wav,Noakhali,Noakhali_wMP0zweZUzA,11.26
Noakhali_wMP0zweZUzA_seg0017.wav,/kaggle/working/segmented_dataset/Noakhali_wMP0zweZUzA_seg0017.wav,Noakhali,Noakhali_wMP0zweZUzA,16.652
Noakhali_wMP0zweZUzA_seg0018.wav,/kaggle/working/segmented_dataset/Noakhali_wMP0zweZUzA_seg0018.wav,Noakhali,Noakhali_wMP0zweZUzA,19.96
Noakhali_wMP0zweZUzA_seg0019.wav,/kaggle/working/segmented_dataset/Noakhali_wMP0zweZUzA_seg0019.wav,Noakhali,Noakhali_wMP0zweZUzA,18.08
Noakhali_wMP0zweZUzA_seg0020.wav,/kaggle/working/segmented_dataset/Noakhali_wMP0zweZUzA_seg0020.wav,Noakhali,Noakhali_wMP0zweZUzA,11.88
Noakhali_wMP0zweZUzA_seg0021.wav,/kaggle/working/segmented_dataset/Noakhali_wMP0zweZUzA_seg0021.wav,Noakhali,Noakhali_wMP0zweZUzA,19.944
Noakhali_wMP0zweZUzA_seg0022.wav,/kaggle/working/segmented_dataset/Noakhali_wMP0zweZUzA_seg0022.wav,Noakhali,Noakhali_wMP0zweZUzA,19.316
Noakhali_wMP0zweZUzA_seg0023.wav,/kaggle/working/segmented_dataset/Noakhali_wMP0zweZUzA_seg0023.wav,Noakhali,Noakhali_wMP0zweZUzA,16.728
Noakhali_wMP0zweZUzA_seg0024.wav,/kaggle/working/segmented_dataset/Noakhali_wMP0zweZUzA_seg0024.wav,Noakhali,Noakhali_wMP0zweZUzA,19.892
Noakhali_wMP0zweZUzA_seg0025.wav,/kaggle/working/segmented_dataset/Noakhali_wMP0zweZUzA_seg0025.wav,Noakhali,Noakhali_wMP0zweZUzA,19.736
Noakhali_wMP0zweZUzA_seg0026.wav,/kaggle/working/segmented_dataset/Noakhali_wMP0zweZUzA_seg0026.wav,Noakhali,Noakhali_wMP0zweZUzA,19.944
Noakhali_wMP0zweZUzA_seg0027.wav,/kaggle/working/segmented_dataset/Noakhali_wMP0zweZUzA_seg0027.wav,Noakhali,Noakhali_wMP0zweZUzA,19.28
Noakhali_wMP0zweZUzA_seg0028.wav,/kaggle/working/segmented_dataset/Noakhali_wMP0zweZUzA_seg0028.wav,Noakhali,Noakhali_wMP0zweZUzA,19.092
Noakhali_wMP0zweZUzA_seg0029.wav,/kaggle/working/segmented_dataset/Noakhali_wMP0zweZUzA_seg0029.wav,Noakhali,Noakhali_wMP0zweZUzA,17.768
Noakhali_wMP0zweZUzA_seg0030.wav,/kaggle/working/segmented_dataset/Noakhali_wMP0zweZUzA_seg0030.wav,Noakhali,Noakhali_wMP0zweZUzA,18.436
Noakhali_wMP0zweZUzA_seg0031.wav,/kaggle/working/segmented_dataset/Noakhali_wMP0zweZUzA_seg0031.wav,Noakhali,Noakhali_wMP0zweZUzA,15.532
Noakhali_wMP0zweZUzA_seg0032.wav,/kaggle/working/segmented_dataset/Noakhali_wMP0zweZUzA_seg0032.wav,Noakhali,Noakhali_wMP0zweZUzA,16.072
Noakhali_wMP0zweZUzA_seg0033.wav,/kaggle/working/segmented_dataset/Noakhali_wMP0zweZUzA_seg0033.wav,Noakhali,Noakhali_wMP0zweZUzA,19.444
Noakhali_wMP0zweZUzA_seg0034.wav,/kaggle/working/segmented_dataset/Noakhali_wMP0zweZUzA_seg0034.wav,Noakhali,Noakhali_wMP0zweZUzA,17.2
Noakhali_wMP0zweZUzA_seg0035.wav,/kaggle/working/segmented_dataset/Noakhali_wMP0zweZUzA_seg0035.wav,Noakhali,Noakhali_wMP0zweZUzA,10.824
Noakhali_wMP0zweZUzA_seg0036.wav,/kaggle/working/segmented_dataset/Noakhali_wMP0zweZUzA_seg0036.wav,Noakhali,Noakhali_wMP0zweZUzA,19.028
Noakhali_wMP0zweZUzA_seg0037.wav,/kaggle/working/segmented_dataset/Noakhali_wMP0zweZUzA_seg0037.wav,Noakhali,Noakhali_wMP0zweZUzA,33.5
Noakhali_wMP0zweZUzA_seg0038.wav,/kaggle/working/segmented_dataset/Noakhali_wMP0zweZUzA_seg0038.wav,Noakhali,Noakhali_wMP0zweZUzA,19.332
Noakhali_wMP0zweZUzA_seg0039.wav,/kaggle/working/segmented_dataset/Noakhali_wMP0zweZUzA_seg0039.wav,Noakhali,Noakhali_wMP0zweZUzA,19.388
Noakhali_wMP0zweZUzA_seg0040.wav,/kaggle/working/segmented_dataset/Noakhali_wMP0zweZUzA_seg0040.wav,Noakhali,Noakhali_wMP0zweZUzA,19.236
Noakhali_wMP0zweZUzA_seg0041.wav,/kaggle/working/segmented_dataset/Noakhali_wMP0zweZUzA_seg0041.wav,Noakhali,Noakhali_wMP0zweZUzA,16.904
Noakhali_wMP0zweZUzA_seg0042.wav,/kaggle/working/segmented_dataset/Noakhali_wMP0zweZUzA_seg0042.wav,Noakhali,Noakhali_wMP0zweZUzA,19.852
Noakhali_wMP0zweZUzA_seg0043.wav,/kaggle/working/segmented_dataset/Noakhali_wMP0zweZUzA_seg0043.wav,Noakhali,Noakhali_wMP0zweZUzA,19.844
Noakhali_wMP0zweZUzA_seg0044.wav,/kaggle/working/segmented_dataset/Noakhali_wMP0zweZUzA_seg0044.wav,Noakhali,Noakhali_wMP0zweZUzA,19.152
Noakhali_wMP0zweZUzA_seg0045.wav,/kaggle/working/segmented_dataset/Noakhali_wMP0zweZUzA_seg0045.wav,Noakhali,Noakhali_wMP0zweZUzA,17.672
Noakhali_wMP0zweZUzA_seg0046.wav,/kaggle/working/segmented_dataset/Noakhali_wMP0zweZUzA_seg0046.wav,Noakhali,Noakhali_wMP0zweZUzA,19.716
Noakhali_wMP0zweZUzA_seg0047.wav,/kaggle/working/segmented_dataset/Noakhali_wMP0zweZUzA_seg0047.wav,Noakhali,Noakhali_wMP0zweZUzA,19.204
Noakhali_wMP0zweZUzA_seg0048.wav,/kaggle/working/segmented_dataset/Noakhali_wMP0zweZUzA_seg0048.wav,Noakhali,Noakhali_wMP0zweZUzA,15.764
Noakhali_wMP0zweZUzA_seg0049.wav,/kaggle/working/segmented_dataset/Noakhali_wMP0zweZUzA_seg0049.wav,Noakhali,Noakhali_wMP0zweZUzA,18.604
Noakhali_wMP0zweZUzA_seg0050.wav,/kaggle/working/segmented_dataset/Noakhali_wMP0zweZUzA_seg0050.wav,Noakhali,Noakhali_wMP0zweZUzA,19.416
Noakhali_wMP0zweZUzA_seg0051.wav,/kaggle/working/segmented_dataset/Noakhali_wMP0zweZUzA_seg0051.wav,Noakhali,Noakhali_wMP0zweZUzA,18.996
Noakhali_wMP0zweZUzA_seg0052.wav,/kaggle/working/segmented_dataset/Noakhali_wMP0zweZUzA_seg0052.wav,Noakhali,Noakhali_wMP0zweZUzA,18.548
Noakhali_wMP0zweZUzA_seg0053.wav,/kaggle/working/segmented_dataset/Noakhali_wMP0zweZUzA_seg0053.wav,Noakhali,Noakhali_wMP0zweZUzA,18.104
Noakhali_wMP0zweZUzA_seg0054.wav,/kaggle/working/segmented_dataset/Noakhali_wMP0zweZUzA_seg0054.wav,Noakhali,Noakhali_wMP0zweZUzA,4.312
Noakhali_wMP0zweZUzA_seg0055.wav,/kaggle/working/segmented_dataset/Noakhali_wMP0zweZUzA_seg0055.wav,Noakhali,Noakhali_wMP0zweZUzA,19.508
Noakhali_wMP0zweZUzA_seg0056.wav,/kaggle/working/segmented_dataset/Noakhali_wMP0zweZUzA_seg0056.wav,Noakhali,Noakhali_wMP0zweZUzA,18.808
Noakhali_wMP0zweZUzA_seg0057.wav,/kaggle/working/segmented_dataset/Noakhali_wMP0zweZUzA_seg0057.wav,Noakhali,Noakhali_wMP0zweZUzA,18.636
Noakhali_wMP0zweZUzA_seg0058.wav,/kaggle/working/segmented_dataset/Noakhali_wMP0zweZUzA_seg0058.wav,Noakhali,Noakhali_wMP0zweZUzA,19.212
Noakhali_wMP0zweZUzA_seg0059.wav,/kaggle/working/segmented_dataset/Noakhali_wMP0zweZUzA_seg0059.wav,Noakhali,Noakhali_wMP0zweZUzA,17.368
Noakhali_wMP0zweZUzA_seg0060.wav,/kaggle/working/segmented_dataset/Noakhali_wMP0zweZUzA_seg0060.wav,Noakhali,Noakhali_wMP0zweZUzA,19.508
Noakhali_wMP0zweZUzA_seg0061.wav,/kaggle/working/segmented_dataset/Noakhali_wMP0zweZUzA_seg0061.wav,Noakhali,Noakhali_wMP0zweZUzA,18.84
Noakhali_wMP0zweZUzA_seg0062.wav,/kaggle/working/segmented_dataset/Noakhali_wMP0zweZUzA_seg0062.wav,Noakhali,Noakhali_wMP0zweZUzA,17.54
Noakhali_wMP0zweZUzA_seg0063.wav,/kaggle/working/segmented_dataset/Noakhali_wMP0zweZUzA_seg0063.wav,Noakhali,Noakhali_wMP0zweZUzA,15.884
Noakhali_wMP0zweZUzA_seg0064.wav,/kaggle/working/segmented_dataset/Noakhali_wMP0zweZUzA_seg0064.wav,Noakhali,Noakhali_wMP0zweZUzA,19.632
Noakhali_wMP0zweZUzA_seg0065.wav,/kaggle/working/segmented_dataset/Noakhali_wMP0zweZUzA_seg0065.wav,Noakhali,Noakhali_wMP0zweZUzA,15.944
Noakhali_wMP0zweZUzA_seg0066.wav,/kaggle/working/segmented_dataset/Noakhali_wMP0zweZUzA_seg0066.wav,Noakhali,Noakhali_wMP0zweZUzA,18.76
Noakhali_wMP0zweZUzA_seg0067.wav,/kaggle/working/segmented_dataset/Noakhali_wMP0zweZUzA_seg0067.wav,Noakhali,Noakhali_wMP0zweZUzA,13.168
Noakhali_wMP0zweZUzA_seg0068.wav,/kaggle/working/segmented_dataset/Noakhali_wMP0zweZUzA_seg0068.wav,Noakhali,Noakhali_wMP0zweZUzA,18.328
Noakhali_wMP0zweZUzA_seg0069.wav,/kaggle/working/segmented_dataset/Noakhali_wMP0zweZUzA_seg0069.wav,Noakhali,Noakhali_wMP0zweZUzA,13.0
Noakhali_wMP0zweZUzA_seg0070.wav,/kaggle/working/segmented_dataset/Noakhali_wMP0zweZUzA_seg0070.wav,Noakhali,Noakhali_wMP0zweZUzA,18.544
Noakhali_wMP0zweZUzA_seg0071.wav,/kaggle/working/segmented_dataset/Noakhali_wMP0zweZUzA_seg0071.wav,Noakhali,Noakhali_wMP0zweZUzA,19.66
Noakhali_wMP0zweZUzA_seg0072.wav,/kaggle/working/segmented_dataset/Noakhali_wMP0zweZUzA_seg0072.wav,Noakhali,Noakhali_wMP0zweZUzA,10.184
Noakhali_wMP0zweZUzA_seg0073.wav,/kaggle/working/segmented_dataset/Noakhali_wMP0zweZUzA_seg0073.wav,Noakhali,Noakhali_wMP0zweZUzA,21.596
Noakhali_wMP0zweZUzA_seg0074.wav,/kaggle/working/segmented_dataset/Noakhali_wMP0zweZUzA_seg0074.wav,Noakhali,Noakhali_wMP0zweZUzA,17.72
Noakhali_wMP0zweZUzA_seg0075.wav,/kaggle/working/segmented_dataset/Noakhali_wMP0zweZUzA_seg0075.wav,Noakhali,Noakhali_wMP0zweZUzA,18.252
Noakhali_wMP0zweZUzA_seg0076.wav,/kaggle/working/segmented_dataset/Noakhali_wMP0zweZUzA_seg0076.wav,Noakhali,Noakhali_wMP0zweZUzA,18.86
Noakhali_wMP0zweZUzA_seg0077.wav,/kaggle/working/segmented_dataset/Noakhali_wMP0zweZUzA_seg0077.wav,Noakhali,Noakhali_wMP0zweZUzA,18.048
Noakhali_wMP0zweZUzA_seg0078.wav,/kaggle/working/segmented_dataset/Noakhali_wMP0zweZUzA_seg0078.wav,Noakhali,Noakhali_wMP0zweZUzA,15.316
Noakhali_wMP0zweZUzA_seg0079.wav,/kaggle/working/segmented_dataset/Noakhali_wMP0zweZUzA_seg0079.wav,Noakhali,Noakhali_wMP0zweZUzA,19.48
Noakhali_wMP0zweZUzA_seg0080.wav,/kaggle/working/segmented_dataset/Noakhali_wMP0zweZUzA_seg0080.wav,Noakhali,Noakhali_wMP0zweZUzA,18.612
Noakhali_wMP0zweZUzA_seg0081.wav,/kaggle/working/segmented_dataset/Noakhali_wMP0zweZUzA_seg0081.wav,Noakhali,Noakhali_wMP0zweZUzA,28.604
Noakhali_wMP0zweZUzA_seg0082.wav,/kaggle/working/segmented_dataset/Noakhali_wMP0zweZUzA_seg0082.wav,Noakhali,Noakhali_wMP0zweZUzA,18.708
Noakhali_wMP0zweZUzA_seg0083.wav,/kaggle/working/segmented_dataset/Noakhali_wMP0zweZUzA_seg0083.wav,Noakhali,Noakhali_wMP0zweZUzA,10.772
Noakhali_wMP0zweZUzA_seg0084.wav,/kaggle/working/segmented_dataset/Noakhali_wMP0zweZUzA_seg0084.wav,Noakhali,Noakhali_wMP0zweZUzA,18.964
Noakhali_wMP0zweZUzA_seg0085.wav,/kaggle/working/segmented_dataset/Noakhali_wMP0zweZUzA_seg0085.wav,Noakhali,Noakhali_wMP0zweZUzA,18.896
Noakhali_wMP0zweZUzA_seg0086.wav,/kaggle/working/segmented_dataset/Noakhali_wMP0zweZUzA_seg0086.wav,Noakhali,Noakhali_wMP0zweZUzA,18.416
Noakhali_wMP0zweZUzA_seg0087.wav,/kaggle/working/segmented_dataset/Noakhali_wMP0zweZUzA_seg0087.wav,Noakhali,Noakhali_wMP0zweZUzA,14.7
Noakhali_wMP0zweZUzA_seg0088.wav,/kaggle/working/segmented_dataset/Noakhali_wMP0zweZUzA_seg0088.wav,Noakhali,Noakhali_wMP0zweZUzA,18.352
Noakhali_wMP0zweZUzA_seg0089.wav,/kaggle/working/segmented_dataset/Noakhali_wMP0zweZUzA_seg0089.wav,Noakhali,Noakhali_wMP0zweZUzA,11.796
Noakhali_wMP0zweZUzA_seg0090.wav,/kaggle/working/segmented_dataset/Noakhali_wMP0zweZUzA_seg0090.wav,Noakhali,Noakhali_wMP0zweZUzA,19.44
Noakhali_wMP0zweZUzA_seg0091.wav,/kaggle/working/segmented_dataset/Noakhali_wMP0zweZUzA_seg0091.wav,Noakhali,Noakhali_wMP0zweZUzA,19.6
Noakhali_wMP0zweZUzA_seg0092.wav,/kaggle/working/segmented_dataset/Noakhali_wMP0zweZUzA_seg0092.wav,Noakhali,Noakhali_wMP0zweZUzA,15.452
Noakhali_wMP0zweZUzA_seg0093.wav,/kaggle/working/segmented_dataset/Noakhali_wMP0zweZUzA_seg0093.wav,Noakhali,Noakhali_wMP0zweZUzA,19.068
Noakhali_wMP0zweZUzA_seg0094.wav,/kaggle/working/segmented_dataset/Noakhali_wMP0zweZUzA_seg0094.wav,Noakhali,Noakhali_wMP0zweZUzA,15.304
Noakhali_wMP0zweZUzA_seg0095.wav,/kaggle/working/segmented_dataset/Noakhali_wMP0zweZUzA_seg0095.wav,Noakhali,Noakhali_wMP0zweZUzA,17.516
Noakhali_wMP0zweZUzA_seg0096.wav,/kaggle/working/segmented_dataset/Noakhali_wMP0zweZUzA_seg0096.wav,Noakhali,Noakhali_wMP0zweZUzA,18.936
Noakhali_wMP0zweZUzA_seg0097.wav,/kaggle/working/segmented_dataset/Noakhali_wMP0zweZUzA_seg0097.wav,Noakhali,Noakhali_wMP0zweZUzA,15.116
Noakhali_wMP0zweZUzA_seg0098.wav,/kaggle/working/segmented_dataset/Noakhali_wMP0zweZUzA_seg0098.wav,Noakhali,Noakhali_wMP0zweZUzA,15.984
Noakhali_wMP0zweZUzA_seg0099.wav,/kaggle/working/segmented_dataset/Noakhali_wMP0zweZUzA_seg0099.wav,Noakhali,Noakhali_wMP0zweZUzA,15.604
Noakhali_wMP0zweZUzA_seg0100.wav,/kaggle/working/segmented_dataset/Noakhali_wMP0zweZUzA_seg0100.wav,Noakhali,Noakhali_wMP0zweZUzA,15.56
Noakhali_wMP0zweZUzA_seg0101.wav,/kaggle/working/segmented_dataset/Noakhali_wMP0zweZUzA_seg0101.wav,Noakhali,Noakhali_wMP0zweZUzA,11.732
Noakhali_wMP0zweZUzA_seg0102.wav,/kaggle/working/segmented_dataset/Noakhali_wMP0zweZUzA_seg0102.wav,Noakhali,Noakhali_wMP0zweZUzA,14.744
Noakhali_wMP0zweZUzA_seg0103.wav,/kaggle/working/segmented_dataset/Noakhali_wMP0zweZUzA_seg0103.wav,Noakhali,Noakhali_wMP0zweZUzA,19.256
Noakhali_wMP0zweZUzA_seg0104.wav,/kaggle/working/segmented_dataset/Noakhali_wMP0zweZUzA_seg0104.wav,Noakhali,Noakhali_wMP0zweZUzA,12.332
Noakhali_wMP0zweZUzA_seg0105.wav,/kaggle/working/segmented_dataset/Noakhali_wMP0zweZUzA_seg0105.wav,Noakhali,Noakhali_wMP0zweZUzA,20.924
Noakhali_wMP0zweZUzA_seg0106.wav,/kaggle/working/segmented_dataset/Noakhali_wMP0zweZUzA_seg0106.wav,Noakhali,Noakhali_wMP0zweZUzA,19.656
Noakhali_wMP0zweZUzA_seg0107.wav,/kaggle/working/segmented_dataset/Noakhali_wMP0zweZUzA_seg0107.wav,Noakhali,Noakhali_wMP0zweZUzA,18.12
Noakhali_wMP0zweZUzA_seg0108.wav,/kaggle/working/segmented_dataset/Noakhali_wMP0zweZUzA_seg0108.wav,Noakhali,Noakhali_wMP0zweZUzA,19.172
Noakhali_wMP0zweZUzA_seg0109.wav,/kaggle/working/segmented_dataset/Noakhali_wMP0zweZUzA_seg0109.wav,Noakhali,Noakhali_wMP0zweZUzA,17.72
Noakhali_wMP0zweZUzA_seg0110.wav,/kaggle/working/segmented_dataset/Noakhali_wMP0zweZUzA_seg0110.wav,Noakhali,Noakhali_wMP0zweZUzA,19.728
Noakhali_wMP0zweZUzA_seg0111.wav,/kaggle/working/segmented_dataset/Noakhali_wMP0zweZUzA_seg0111.wav,Noakhali,Noakhali_wMP0zweZUzA,18.58
Noakhali_wMP0zweZUzA_seg0112.wav,/kaggle/working/segmented_dataset/Noakhali_wMP0zweZUzA_seg0112.wav,Noakhali,Noakhali_wMP0zweZUzA,19.612
Noakhali_wMP0zweZUzA_seg0113.wav,/kaggle/working/segmented_dataset/Noakhali_wMP0zweZUzA_seg0113.wav,Noakhali,Noakhali_wMP0zweZUzA,19.772
Noakhali_wMP0zweZUzA_seg0114.wav,/kaggle/working/segmented_dataset/Noakhali_wMP0zweZUzA_seg0114.wav,Noakhali,Noakhali_wMP0zweZUzA,19.152
Noakhali_wMP0zweZUzA_seg0115.wav,/kaggle/working/segmented_dataset/Noakhali_wMP0zweZUzA_seg0115.wav,Noakhali,Noakhali_wMP0zweZUzA,19.488
Noakhali_wMP0zweZUzA_seg0116.wav,/kaggle/working/segmented_dataset/Noakhali_wMP0zweZUzA_seg0116.wav,Noakhali,Noakhali_wMP0zweZUzA,16.728
Noakhali_wMP0zweZUzA_seg0117.wav,/kaggle/working/segmented_dataset/Noakhali_wMP0zweZUzA_seg0117.wav,Noakhali,Noakhali_wMP0zweZUzA,17.288
Noakhali_wMP0zweZUzA_seg0118.wav,/kaggle/working/segmented_dataset/Noakhali_wMP0zweZUzA_seg0118.wav,Noakhali,Noakhali_wMP0zweZUzA,19.772
Noakhali_wMP0zweZUzA_seg0119.wav,/kaggle/working/segmented_dataset/Noakhali_wMP0zweZUzA_seg0119.wav,Noakhali,Noakhali_wMP0zweZUzA,3.888
Noakhali_wMP0zweZUzA_seg0120.wav,/kaggle/working/segmented_dataset/Noakhali_wMP0zweZUzA_seg0120.wav,Noakhali,Noakhali_wMP0zweZUzA,20.956
Noakhali_wMP0zweZUzA_seg0121.wav,/kaggle/working/segmented_dataset/Noakhali_wMP0zweZUzA_seg0121.wav,Noakhali,Noakhali_wMP0zweZUzA,18.824
Noakhali_wMP0zweZUzA_seg0122.wav,/kaggle/working/segmented_dataset/Noakhali_wMP0zweZUzA_seg0122.wav,Noakhali,Noakhali_wMP0zweZUzA,17.344
Noakhali_wMP0zweZUzA_seg0123.wav,/kaggle/working/segmented_dataset/Noakhali_wMP0zweZUzA_seg0123.wav,Noakhali,Noakhali_wMP0zweZUzA,19.46
Noakhali_wMP0zweZUzA_seg0124.wav,/kaggle/working/segmented_dataset/Noakhali_wMP0zweZUzA_seg0124.wav,Noakhali,Noakhali_wMP0zweZUzA,19.896
Noakhali_wMP0zweZUzA_seg0125.wav,/kaggle/working/segmented_dataset/Noakhali_wMP0zweZUzA_seg0125.wav,Noakhali,Noakhali_wMP0zweZUzA,22.652
Noakhali_wMP0zweZUzA_seg0126.wav,/kaggle/working/segmented_dataset/Noakhali_wMP0zweZUzA_seg0126.wav,Noakhali,Noakhali_wMP0zweZUzA,17.716
Noakhali_wMP0zweZUzA_seg0127.wav,/kaggle/working/segmented_dataset/Noakhali_wMP0zweZUzA_seg0127.wav,Noakhali,Noakhali_wMP0zweZUzA,12.292
Noakhali_wMP0zweZUzA_seg0128.wav,/kaggle/working/segmented_dataset/Noakhali_wMP0zweZUzA_seg0128.wav,Noakhali,Noakhali_wMP0zweZUzA,19.556
Noakhali_wMP0zweZUzA_seg0129.wav,/kaggle/working/segmented_dataset/Noakhali_wMP0zweZUzA_seg0129.wav,Noakhali,Noakhali_wMP0zweZUzA,19.792
Noakhali_wMP0zweZUzA_seg0130.wav,/kaggle/working/segmented_dataset/Noakhali_wMP0zweZUzA_seg0130.wav,Noakhali,Noakhali_wMP0zweZUzA,19.78
Noakhali_wMP0zweZUzA_seg0131.wav,/kaggle/working/segmented_dataset/Noakhali_wMP0zweZUzA_seg0131.wav,Noakhali,Noakhali_wMP0zweZUzA,18.04
Noakhali_wMP0zweZUzA_seg0132.wav,/kaggle/working/segmented_dataset/Noakhali_wMP0zweZUzA_seg0132.wav,Noakhali,Noakhali_wMP0zweZUzA,18.728
Noakhali_wMP0zweZUzA_seg0133.wav,/kaggle/working/segmented_dataset/Noakhali_wMP0zweZUzA_seg0133.wav,Noakhali,Noakhali_wMP0zweZUzA,18.408
Noakhali_wMP0zweZUzA_seg0134.wav,/kaggle/working/segmented_dataset/Noakhali_wMP0zweZUzA_seg0134.wav,Noakhali,Noakhali_wMP0zweZUzA,19.492
Noakhali_wMP0zweZUzA_seg0135.wav,/kaggle/working/segmented_dataset/Noakhali_wMP0zweZUzA_seg0135.wav,Noakhali,Noakhali_wMP0zweZUzA,19.96
Noakhali_wMP0zweZUzA_seg0136.wav,/kaggle/working/segmented_dataset/Noakhali_wMP0zweZUzA_seg0136.wav,Noakhali,Noakhali_wMP0zweZUzA,18.608
Noakhali_wMP0zweZUzA_seg0137.wav,/kaggle/working/segmented_dataset/Noakhali_wMP0zweZUzA_seg0137.wav,Noakhali,Noakhali_wMP0zweZUzA,18.62
Noakhali_wMP0zweZUzA_seg0138.wav,/kaggle/working/segmented_dataset/Noakhali_wMP0zweZUzA_seg0138.wav,Noakhali,Noakhali_wMP0zweZUzA,19.416
Noakhali_wMP0zweZUzA_seg0139.wav,/kaggle/working/segmented_dataset/Noakhali_wMP0zweZUzA_seg0139.wav,Noakhali,Noakhali_wMP0zweZUzA,19.424
Noakhali_wMP0zweZUzA_seg0140.wav,/kaggle/working/segmented_dataset/Noakhali_wMP0zweZUzA_seg0140.wav,Noakhali,Noakhali_wMP0zweZUzA,18.824
Noakhali_wMP0zweZUzA_seg0141.wav,/kaggle/working/segmented_dataset/Noakhali_wMP0zweZUzA_seg0141.wav,Noakhali,Noakhali_wMP0zweZUzA,15.632
Noakhali_wMP0zweZUzA_seg0142.wav,/kaggle/working/segmented_dataset/Noakhali_wMP0zweZUzA_seg0142.wav,Noakhali,Noakhali_wMP0zweZUzA,19.52
Noakhali_wMP0zweZUzA_seg0143.wav,/kaggle/working/segmented_dataset/Noakhali_wMP0zweZUzA_seg0143.wav,Noakhali,Noakhali_wMP0zweZUzA,17.664
Noakhali_wMP0zweZUzA_seg0144.wav,/kaggle/working/segmented_dataset/Noakhali_wMP0zweZUzA_seg0144.wav,Noakhali,Noakhali_wMP0zweZUzA,19.384
Noakhali_wMP0zweZUzA_seg0145.wav,/kaggle/working/segmented_dataset/Noakhali_wMP0zweZUzA_seg0145.wav,Noakhali,Noakhali_wMP0zweZUzA,19.308
Noakhali_wMP0zweZUzA_seg0146.wav,/kaggle/working/segmented_dataset/Noakhali_wMP0zweZUzA_seg0146.wav,Noakhali,Noakhali_wMP0zweZUzA,19.976
Noakhali_wMP0zweZUzA_seg0147.wav,/kaggle/working/segmented_dataset/Noakhali_wMP0zweZUzA_seg0147.wav,Noakhali,Noakhali_wMP0zweZUzA,19.424
Noakhali_wMP0zweZUzA_seg0148.wav,/kaggle/working/segmented_dataset/Noakhali_wMP0zweZUzA_seg0148.wav,Noakhali,Noakhali_wMP0zweZUzA,18.468
Noakhali_wMP0zweZUzA_seg0149.wav,/kaggle/working/segmented_dataset/Noakhali_wMP0zweZUzA_seg0149.wav,Noakhali,Noakhali_wMP0zweZUzA,18.524
Noakhali_wMP0zweZUzA_seg0150.wav,/kaggle/working/segmented_dataset/Noakhali_wMP0zweZUzA_seg0150.wav,Noakhali,Noakhali_wMP0zweZUzA,19.54
Noakhali_wMP0zweZUzA_seg0151.wav,/kaggle/working/segmented_dataset/Noakhali_wMP0zweZUzA_seg0151.wav,Noakhali,Noakhali_wMP0zweZUzA,19.468
Noakhali_wMP0zweZUzA_seg0152.wav,/kaggle/working/segmented_dataset/Noakhali_wMP0zweZUzA_seg0152.wav,Noakhali,Noakhali_wMP0zweZUzA,5.424
Noakhali_wMP0zweZUzA_seg0153.wav,/kaggle/working/segmented_dataset/Noakhali_wMP0zweZUzA_seg0153.wav,Noakhali,Noakhali_wMP0zweZUzA,26.428
Chittagonian_mumxd18fIK0_seg0000.wav,/kaggle/working/segmented_dataset/Chittagonian_mumxd18fIK0_seg0000.wav,Chittagonian,Chittagonian_mumxd18fIK0,19.928
Chittagonian_mumxd18fIK0_seg0001.wav,/kaggle/working/segmented_dataset/Chittagonian_mumxd18fIK0_seg0001.wav,Chittagonian,Chittagonian_mumxd18fIK0,19.78
Chittagonian_mumxd18fIK0_seg0002.wav,/kaggle/working/segmented_dataset/Chittagonian_mumxd18fIK0_seg0002.wav,Chittagonian,Chittagonian_mumxd18fIK0,11.692
Chittagonian_mumxd18fIK0_seg0003.wav,/kaggle/working/segmented_dataset/Chittagonian_mumxd18fIK0_seg0003.wav,Chittagonian,Chittagonian_mumxd18fIK0,16.696
Chittagonian_mumxd18fIK0_seg0004.wav,/kaggle/working/segmented_dataset/Chittagonian_mumxd18fIK0_seg0004.wav,Chittagonian,Chittagonian_mumxd18fIK0,17.244
Chittagonian_mumxd18fIK0_seg0005.wav,/kaggle/working/segmented_dataset/Chittagonian_mumxd18fIK0_seg0005.wav,Chittagonian,Chittagonian_mumxd18fIK0,18.268
Chittagonian_mumxd18fIK0_seg0006.wav,/kaggle/working/segmented_dataset/Chittagonian_mumxd18fIK0_seg0006.wav,Chittagonian,Chittagonian_mumxd18fIK0,18.612
Chittagonian_mumxd18fIK0_seg0007.wav,/kaggle/working/segmented_dataset/Chittagonian_mumxd18fIK0_seg0007.wav,Chittagonian,Chittagonian_mumxd18fIK0,17.752
Chittagonian_mumxd18fIK0_seg0008.wav,/kaggle/working/segmented_dataset/Chittagonian_mumxd18fIK0_seg0008.wav,Chittagonian,Chittagonian_mumxd18fIK0,9.592
Chittagonian_mumxd18fIK0_seg0009.wav,/kaggle/working/segmented_dataset/Chittagonian_mumxd18fIK0_seg0009.wav,Chittagonian,Chittagonian_mumxd18fIK0,36.188
Chittagonian_mumxd18fIK0_seg0010.wav,/kaggle/working/segmented_dataset/Chittagonian_mumxd18fIK0_seg0010.wav,Chittagonian,Chittagonian_mumxd18fIK0,17.288
Chittagonian_mumxd18fIK0_seg0011.wav,/kaggle/working/segmented_dataset/Chittagonian_mumxd18fIK0_seg0011.wav,Chittagonian,Chittagonian_mumxd18fIK0,18.716
Chittagonian_mumxd18fIK0_seg0012.wav,/kaggle/working/segmented_dataset/Chittagonian_mumxd18fIK0_seg0012.wav,Chittagonian,Chittagonian_mumxd18fIK0,19.24
Chittagonian_mumxd18fIK0_seg0013.wav,/kaggle/working/segmented_dataset/Chittagonian_mumxd18fIK0_seg0013.wav,Chittagonian,Chittagonian_mumxd18fIK0,16.8
Chittagonian_mumxd18fIK0_seg0014.wav,/kaggle/working/segmented_dataset/Chittagonian_mumxd18fIK0_seg0014.wav,Chittagonian,Chittagonian_mumxd18fIK0,18.62
Chittagonian_mumxd18fIK0_seg0015.wav,/kaggle/working/segmented_dataset/Chittagonian_mumxd18fIK0_seg0015.wav,Chittagonian,Chittagonian_mumxd18fIK0,18.5
Chittagonian_mumxd18fIK0_seg0016.wav,/kaggle/working/segmented_dataset/Chittagonian_mumxd18fIK0_seg0016.wav,Chittagonian,Chittagonian_mumxd18fIK0,12.028
Chittagonian_mumxd18fIK0_seg0017.wav,/kaggle/working/segmented_dataset/Chittagonian_mumxd18fIK0_seg0017.wav,Chittagonian,Chittagonian_mumxd18fIK0,18.54
Chittagonian_mumxd18fIK0_seg0018.wav,/kaggle/working/segmented_dataset/Chittagonian_mumxd18fIK0_seg0018.wav,Chittagonian,Chittagonian_mumxd18fIK0,9.212
Chittagonian_mumxd18fIK0_seg0019.wav,/kaggle/working/segmented_dataset/Chittagonian_mumxd18fIK0_seg0019.wav,Chittagonian,Chittagonian_mumxd18fIK0,31.708
Chittagonian_mumxd18fIK0_seg0020.wav,/kaggle/working/segmented_dataset/Chittagonian_mumxd18fIK0_seg0020.wav,Chittagonian,Chittagonian_mumxd18fIK0,19.868
Chittagonian_mumxd18fIK0_seg0021.wav,/kaggle/working/segmented_dataset/Chittagonian_mumxd18fIK0_seg0021.wav,Chittagonian,Chittagonian_mumxd18fIK0,16.324
Chittagonian_mumxd18fIK0_seg0022.wav,/kaggle/working/segmented_dataset/Chittagonian_mumxd18fIK0_seg0022.wav,Chittagonian,Chittagonian_mumxd18fIK0,19.392
Chittagonian_mumxd18fIK0_seg0023.wav,/kaggle/working/segmented_dataset/Chittagonian_mumxd18fIK0_seg0023.wav,Chittagonian,Chittagonian_mumxd18fIK0,19.404
Chittagonian_mumxd18fIK0_seg0024.wav,/kaggle/working/segmented_dataset/Chittagonian_mumxd18fIK0_seg0024.wav,Chittagonian,Chittagonian_mumxd18fIK0,19.284
Chittagonian_mumxd18fIK0_seg0025.wav,/kaggle/working/segmented_dataset/Chittagonian_mumxd18fIK0_seg0025.wav,Chittagonian,Chittagonian_mumxd18fIK0,10.832
Chittagonian_mumxd18fIK0_seg0026.wav,/kaggle/working/segmented_dataset/Chittagonian_mumxd18fIK0_seg0026.wav,Chittagonian,Chittagonian_mumxd18fIK0,12.06
Chittagonian_mumxd18fIK0_seg0027.wav,/kaggle/working/segmented_dataset/Chittagonian_mumxd18fIK0_seg0027.wav,Chittagonian,Chittagonian_mumxd18fIK0,16.308
Chittagonian_mumxd18fIK0_seg0028.wav,/kaggle/working/segmented_dataset/Chittagonian_mumxd18fIK0_seg0028.wav,Chittagonian,Chittagonian_mumxd18fIK0,17.068
Chittagonian_mumxd18fIK0_seg0029.wav,/kaggle/working/segmented_dataset/Chittagonian_mumxd18fIK0_seg0029.wav,Chittagonian,Chittagonian_mumxd18fIK0,19.432
Chittagonian_mumxd18fIK0_seg0030.wav,/kaggle/working/segmented_dataset/Chittagonian_mumxd18fIK0_seg0030.wav,Chittagonian,Chittagonian_mumxd18fIK0,15.628
Chittagonian_mumxd18fIK0_seg0031.wav,/kaggle/working/segmented_dataset/Chittagonian_mumxd18fIK0_seg0031.wav,Chittagonian,Chittagonian_mumxd18fIK0,14.356
Chittagonian_mumxd18fIK0_seg0032.wav,/kaggle/working/segmented_dataset/Chittagonian_mumxd18fIK0_seg0032.wav,Chittagonian,Chittagonian_mumxd18fIK0,13.02
Chittagonian_mumxd18fIK0_seg0033.wav,/kaggle/working/segmented_dataset/Chittagonian_mumxd18fIK0_seg0033.wav,Chittagonian,Chittagonian_mumxd18fIK0,26.076
Chittagonian_mumxd18fIK0_seg0034.wav,/kaggle/working/segmented_dataset/Chittagonian_mumxd18fIK0_seg0034.wav,Chittagonian,Chittagonian_mumxd18fIK0,8.668
Chittagonian_mumxd18fIK0_seg0035.wav,/kaggle/working/segmented_dataset/Chittagonian_mumxd18fIK0_seg0035.wav,Chittagonian,Chittagonian_mumxd18fIK0,19.804
Chittagonian_mumxd18fIK0_seg0036.wav,/kaggle/working/segmented_dataset/Chittagonian_mumxd18fIK0_seg0036.wav,Chittagonian,Chittagonian_mumxd18fIK0,19.596
Chittagonian_mumxd18fIK0_seg0037.wav,/kaggle/working/segmented_dataset/Chittagonian_mumxd18fIK0_seg0037.wav,Chittagonian,Chittagonian_mumxd18fIK0,19.14
Chittagonian_mumxd18fIK0_seg0038.wav,/kaggle/working/segmented_dataset/Chittagonian_mumxd18fIK0_seg0038.wav,Chittagonian,Chittagonian_mumxd18fIK0,19.532
Chittagonian_mumxd18fIK0_seg0039.wav,/kaggle/working/segmented_dataset/Chittagonian_mumxd18fIK0_seg0039.wav,Chittagonian,Chittagonian_mumxd18fIK0,15.5
Chittagonian_mumxd18fIK0_seg0040.wav,/kaggle/working/segmented_dataset/Chittagonian_mumxd18fIK0_seg0040.wav,Chittagonian,Chittagonian_mumxd18fIK0,33.756
Chittagonian_mumxd18fIK0_seg0041.wav,/kaggle/working/segmented_dataset/Chittagonian_mumxd18fIK0_seg0041.wav,Chittagonian,Chittagonian_mumxd18fIK0,18.236
Chittagonian_mumxd18fIK0_seg0042.wav,/kaggle/working/segmented_dataset/Chittagonian_mumxd18fIK0_seg0042.wav,Chittagonian,Chittagonian_mumxd18fIK0,16.476
Chittagonian_mumxd18fIK0_seg0043.wav,/kaggle/working/segmented_dataset/Chittagonian_mumxd18fIK0_seg0043.wav,Chittagonian,Chittagonian_mumxd18fIK0,18.192
Chittagonian_mumxd18fIK0_seg0044.wav,/kaggle/working/segmented_dataset/Chittagonian_mumxd18fIK0_seg0044.wav,Chittagonian,Chittagonian_mumxd18fIK0,19.604
Chittagonian_mumxd18fIK0_seg0045.wav,/kaggle/working/segmented_dataset/Chittagonian_mumxd18fIK0_seg0045.wav,Chittagonian,Chittagonian_mumxd18fIK0,16.412
Chittagonian_mumxd18fIK0_seg0046.wav,/kaggle/working/segmented_dataset/Chittagonian_mumxd18fIK0_seg0046.wav,Chittagonian,Chittagonian_mumxd18fIK0,15.152
Chittagonian_mumxd18fIK0_seg0047.wav,/kaggle/working/segmented_dataset/Chittagonian_mumxd18fIK0_seg0047.wav,Chittagonian,Chittagonian_mumxd18fIK0,19.78
Chittagonian_mumxd18fIK0_seg0048.wav,/kaggle/working/segmented_dataset/Chittagonian_mumxd18fIK0_seg0048.wav,Chittagonian,Chittagonian_mumxd18fIK0,16.692
Chittagonian_mumxd18fIK0_seg0049.wav,/kaggle/working/segmented_dataset/Chittagonian_mumxd18fIK0_seg0049.wav,Chittagonian,Chittagonian_mumxd18fIK0,14.172
Chittagonian_mumxd18fIK0_seg0050.wav,/kaggle/working/segmented_dataset/Chittagonian_mumxd18fIK0_seg0050.wav,Chittagonian,Chittagonian_mumxd18fIK0,13.744
Chittagonian_mumxd18fIK0_seg0051.wav,/kaggle/working/segmented_dataset/Chittagonian_mumxd18fIK0_seg0051.wav,Chittagonian,Chittagonian_mumxd18fIK0,18.616
Chittagonian_mumxd18fIK0_seg0052.wav,/kaggle/working/segmented_dataset/Chittagonian_mumxd18fIK0_seg0052.wav,Chittagonian,Chittagonian_mumxd18fIK0,16.428
Chittagonian_mumxd18fIK0_seg0053.wav,/kaggle/working/segmented_dataset/Chittagonian_mumxd18fIK0_seg0053.wav,Chittagonian,Chittagonian_mumxd18fIK0,8.54
Chittagonian_mumxd18fIK0_seg0054.wav,/kaggle/working/segmented_dataset/Chittagonian_mumxd18fIK0_seg0054.wav,Chittagonian,Chittagonian_mumxd18fIK0,22.524
Chittagonian_mumxd18fIK0_seg0055.wav,/kaggle/working/segmented_dataset/Chittagonian_mumxd18fIK0_seg0055.wav,Chittagonian,Chittagonian_mumxd18fIK0,15.704
Chittagonian_mumxd18fIK0_seg0056.wav,/kaggle/working/segmented_dataset/Chittagonian_mumxd18fIK0_seg0056.wav,Chittagonian,Chittagonian_mumxd18fIK0,11.288
Chittagonian_mumxd18fIK0_seg0057.wav,/kaggle/working/segmented_dataset/Chittagonian_mumxd18fIK0_seg0057.wav,Chittagonian,Chittagonian_mumxd18fIK0,24.476
Chittagonian_mumxd18fIK0_seg0058.wav,/kaggle/working/segmented_dataset/Chittagonian_mumxd18fIK0_seg0058.wav,Chittagonian,Chittagonian_mumxd18fIK0,17.204
Chittagonian_mumxd18fIK0_seg0059.wav,/kaggle/working/segmented_dataset/Chittagonian_mumxd18fIK0_seg0059.wav,Chittagonian,Chittagonian_mumxd18fIK0,19.22
Chittagonian_mumxd18fIK0_seg0060.wav,/kaggle/working/segmented_dataset/Chittagonian_mumxd18fIK0_seg0060.wav,Chittagonian,Chittagonian_mumxd18fIK0,24.7
Chittagonian_mumxd18fIK0_seg0061.wav,/kaggle/working/segmented_dataset/Chittagonian_mumxd18fIK0_seg0061.wav,Chittagonian,Chittagonian_mumxd18fIK0,12.7
Chittagonian_mumxd18fIK0_seg0062.wav,/kaggle/working/segmented_dataset/Chittagonian_mumxd18fIK0_seg0062.wav,Chittagonian,Chittagonian_mumxd18fIK0,19.888
Chittagonian_mumxd18fIK0_seg0063.wav,/kaggle/working/segmented_dataset/Chittagonian_mumxd18fIK0_seg0063.wav,Chittagonian,Chittagonian_mumxd18fIK0,19.928
Chittagonian_mumxd18fIK0_seg0064.wav,/kaggle/working/segmented_dataset/Chittagonian_mumxd18fIK0_seg0064.wav,Chittagonian,Chittagonian_mumxd18fIK0,16.692
Chittagonian_mumxd18fIK0_seg0065.wav,/kaggle/working/segmented_dataset/Chittagonian_mumxd18fIK0_seg0065.wav,Chittagonian,Chittagonian_mumxd18fIK0,19.576
Chittagonian_mumxd18fIK0_seg0066.wav,/kaggle/working/segmented_dataset/Chittagonian_mumxd18fIK0_seg0066.wav,Chittagonian,Chittagonian_mumxd18fIK0,5.772
Chittagonian_mumxd18fIK0_seg0067.wav,/kaggle/working/segmented_dataset/Chittagonian_mumxd18fIK0_seg0067.wav,Chittagonian,Chittagonian_mumxd18fIK0,17.276
Chittagonian_mumxd18fIK0_seg0068.wav,/kaggle/working/segmented_dataset/Chittagonian_mumxd18fIK0_seg0068.wav,Chittagonian,Chittagonian_mumxd18fIK0,18.892
Chittagonian_mumxd18fIK0_seg0069.wav,/kaggle/working/segmented_dataset/Chittagonian_mumxd18fIK0_seg0069.wav,Chittagonian,Chittagonian_mumxd18fIK0,18.556
Chittagonian_mumxd18fIK0_seg0070.wav,/kaggle/working/segmented_dataset/Chittagonian_mumxd18fIK0_seg0070.wav,Chittagonian,Chittagonian_mumxd18fIK0,16.04
Chittagonian_mumxd18fIK0_seg0071.wav,/kaggle/working/segmented_dataset/Chittagonian_mumxd18fIK0_seg0071.wav,Chittagonian,Chittagonian_mumxd18fIK0,19.236
Chittagonian_mumxd18fIK0_seg0072.wav,/kaggle/working/segmented_dataset/Chittagonian_mumxd18fIK0_seg0072.wav,Chittagonian,Chittagonian_mumxd18fIK0,15.08
Chittagonian_mumxd18fIK0_seg0073.wav,/kaggle/working/segmented_dataset/Chittagonian_mumxd18fIK0_seg0073.wav,Chittagonian,Chittagonian_mumxd18fIK0,14.004
Chittagonian_mumxd18fIK0_seg0074.wav,/kaggle/working/segmented_dataset/Chittagonian_mumxd18fIK0_seg0074.wav,Chittagonian,Chittagonian_mumxd18fIK0,22.62
Chittagonian_mumxd18fIK0_seg0075.wav,/kaggle/working/segmented_dataset/Chittagonian_mumxd18fIK0_seg0075.wav,Chittagonian,Chittagonian_mumxd18fIK0,18.844
Chittagonian_mumxd18fIK0_seg0076.wav,/kaggle/working/segmented_dataset/Chittagonian_mumxd18fIK0_seg0076.wav,Chittagonian,Chittagonian_mumxd18fIK0,13.752
Chittagonian_mumxd18fIK0_seg0077.wav,/kaggle/working/segmented_dataset/Chittagonian_mumxd18fIK0_seg0077.wav,Chittagonian,Chittagonian_mumxd18fIK0,8.156
Chittagonian_mumxd18fIK0_seg0078.wav,/kaggle/working/segmented_dataset/Chittagonian_mumxd18fIK0_seg0078.wav,Chittagonian,Chittagonian_mumxd18fIK0,18.928
Chittagonian_mumxd18fIK0_seg0079.wav,/kaggle/working/segmented_dataset/Chittagonian_mumxd18fIK0_seg0079.wav,Chittagonian,Chittagonian_mumxd18fIK0,19.716
Chittagonian_mumxd18fIK0_seg0080.wav,/kaggle/working/segmented_dataset/Chittagonian_mumxd18fIK0_seg0080.wav,Chittagonian,Chittagonian_mumxd18fIK0,19.808
Chittagonian_mumxd18fIK0_seg0081.wav,/kaggle/working/segmented_dataset/Chittagonian_mumxd18fIK0_seg0081.wav,Chittagonian,Chittagonian_mumxd18fIK0,19.924
Chittagonian_mumxd18fIK0_seg0082.wav,/kaggle/working/segmented_dataset/Chittagonian_mumxd18fIK0_seg0082.wav,Chittagonian,Chittagonian_mumxd18fIK0,19.408
Chittagonian_mumxd18fIK0_seg0083.wav,/kaggle/working/segmented_dataset/Chittagonian_mumxd18fIK0_seg0083.wav,Chittagonian,Chittagonian_mumxd18fIK0,18.72
Chittagonian_mumxd18fIK0_seg0084.wav,/kaggle/working/segmented_dataset/Chittagonian_mumxd18fIK0_seg0084.wav,Chittagonian,Chittagonian_mumxd18fIK0,16.732
Chittagonian_mumxd18fIK0_seg0085.wav,/kaggle/working/segmented_dataset/Chittagonian_mumxd18fIK0_seg0085.wav,Chittagonian,Chittagonian_mumxd18fIK0,13.94
Chittagonian_mumxd18fIK0_seg0086.wav,/kaggle/working/segmented_dataset/Chittagonian_mumxd18fIK0_seg0086.wav,Chittagonian,Chittagonian_mumxd18fIK0,18.192
Chittagonian_mumxd18fIK0_seg0087.wav,/kaggle/working/segmented_dataset/Chittagonian_mumxd18fIK0_seg0087.wav,Chittagonian,Chittagonian_mumxd18fIK0,18.392
Chittagonian_mumxd18fIK0_seg0088.wav,/kaggle/working/segmented_dataset/Chittagonian_mumxd18fIK0_seg0088.wav,Chittagonian,Chittagonian_mumxd18fIK0,18.124
Chittagonian_mumxd18fIK0_seg0089.wav,/kaggle/working/segmented_dataset/Chittagonian_mumxd18fIK0_seg0089.wav,Chittagonian,Chittagonian_mumxd18fIK0,16.476
Chittagonian_mumxd18fIK0_seg0090.wav,/kaggle/working/segmented_dataset/Chittagonian_mumxd18fIK0_seg0090.wav,Chittagonian,Chittagonian_mumxd18fIK0,18.548
Chittagonian_mumxd18fIK0_seg0091.wav,/kaggle/working/segmented_dataset/Chittagonian_mumxd18fIK0_seg0091.wav,Chittagonian,Chittagonian_mumxd18fIK0,19.012
Chittagonian_mumxd18fIK0_seg0092.wav,/kaggle/working/segmented_dataset/Chittagonian_mumxd18fIK0_seg0092.wav,Chittagonian,Chittagonian_mumxd18fIK0,15.676
Chittagonian_mumxd18fIK0_seg0093.wav,/kaggle/working/segmented_dataset/Chittagonian_mumxd18fIK0_seg0093.wav,Chittagonian,Chittagonian_mumxd18fIK0,19.084
Chittagonian_mumxd18fIK0_seg0094.wav,/kaggle/working/segmented_dataset/Chittagonian_mumxd18fIK0_seg0094.wav,Chittagonian,Chittagonian_mumxd18fIK0,19.428
Chittagonian_mumxd18fIK0_seg0095.wav,/kaggle/working/segmented_dataset/Chittagonian_mumxd18fIK0_seg0095.wav,Chittagonian,Chittagonian_mumxd18fIK0,18.604
Chittagonian_mumxd18fIK0_seg0096.wav,/kaggle/working/segmented_dataset/Chittagonian_mumxd18fIK0_seg0096.wav,Chittagonian,Chittagonian_mumxd18fIK0,9.624
Chittagonian_mumxd18fIK0_seg0097.wav,/kaggle/working/segmented_dataset/Chittagonian_mumxd18fIK0_seg0097.wav,Chittagonian,Chittagonian_mumxd18fIK0,18.8
Chittagonian_mumxd18fIK0_seg0098.wav,/kaggle/working/segmented_dataset/Chittagonian_mumxd18fIK0_seg0098.wav,Chittagonian,Chittagonian_mumxd18fIK0,14.784
Chittagonian_mumxd18fIK0_seg0099.wav,/kaggle/working/segmented_dataset/Chittagonian_mumxd18fIK0_seg0099.wav,Chittagonian,Chittagonian_mumxd18fIK0,15.044
Chittagonian_mumxd18fIK0_seg0100.wav,/kaggle/working/segmented_dataset/Chittagonian_mumxd18fIK0_seg0100.wav,Chittagonian,Chittagonian_mumxd18fIK0,19.22
Chittagonian_mumxd18fIK0_seg0101.wav,/kaggle/working/segmented_dataset/Chittagonian_mumxd18fIK0_seg0101.wav,Chittagonian,Chittagonian_mumxd18fIK0,19.52
Chittagonian_mumxd18fIK0_seg0102.wav,/kaggle/working/segmented_dataset/Chittagonian_mumxd18fIK0_seg0102.wav,Chittagonian,Chittagonian_mumxd18fIK0,9.456
Chittagonian_mumxd18fIK0_seg0103.wav,/kaggle/working/segmented_dataset/Chittagonian_mumxd18fIK0_seg0103.wav,Chittagonian,Chittagonian_mumxd18fIK0,16.764
Chittagonian_mumxd18fIK0_seg0104.wav,/kaggle/working/segmented_dataset/Chittagonian_mumxd18fIK0_seg0104.wav,Chittagonian,Chittagonian_mumxd18fIK0,19.172
Chittagonian_mumxd18fIK0_seg0105.wav,/kaggle/working/segmented_dataset/Chittagonian_mumxd18fIK0_seg0105.wav,Chittagonian,Chittagonian_mumxd18fIK0,14.8
Chittagonian_mumxd18fIK0_seg0106.wav,/kaggle/working/segmented_dataset/Chittagonian_mumxd18fIK0_seg0106.wav,Chittagonian,Chittagonian_mumxd18fIK0,22.172
Chittagonian_mumxd18fIK0_seg0107.wav,/kaggle/working/segmented_dataset/Chittagonian_mumxd18fIK0_seg0107.wav,Chittagonian,Chittagonian_mumxd18fIK0,18.62
Chittagonian_mumxd18fIK0_seg0108.wav,/kaggle/working/segmented_dataset/Chittagonian_mumxd18fIK0_seg0108.wav,Chittagonian,Chittagonian_mumxd18fIK0,4.884
Chittagonian_mumxd18fIK0_seg0109.wav,/kaggle/working/segmented_dataset/Chittagonian_mumxd18fIK0_seg0109.wav,Chittagonian,Chittagonian_mumxd18fIK0,16.092
Chittagonian_mumxd18fIK0_seg0110.wav,/kaggle/working/segmented_dataset/Chittagonian_mumxd18fIK0_seg0110.wav,Chittagonian,Chittagonian_mumxd18fIK0,16.868
Chittagonian_mumxd18fIK0_seg0111.wav,/kaggle/working/segmented_dataset/Chittagonian_mumxd18fIK0_seg0111.wav,Chittagonian,Chittagonian_mumxd18fIK0,19.112
Chittagonian_mumxd18fIK0_seg0112.wav,/kaggle/working/segmented_dataset/Chittagonian_mumxd18fIK0_seg0112.wav,Chittagonian,Chittagonian_mumxd18fIK0,9.932
Chittagonian_mumxd18fIK0_seg0113.wav,/kaggle/working/segmented_dataset/Chittagonian_mumxd18fIK0_seg0113.wav,Chittagonian,Chittagonian_mumxd18fIK0,14.072
Chittagonian_mumxd18fIK0_seg0114.wav,/kaggle/working/segmented_dataset/Chittagonian_mumxd18fIK0_seg0114.wav,Chittagonian,Chittagonian_mumxd18fIK0,19.232
Chittagonian_mumxd18fIK0_seg0115.wav,/kaggle/working/segmented_dataset/Chittagonian_mumxd18fIK0_seg0115.wav,Chittagonian,Chittagonian_mumxd18fIK0,17.788
Chittagonian_mumxd18fIK0_seg0116.wav,/kaggle/working/segmented_dataset/Chittagonian_mumxd18fIK0_seg0116.wav,Chittagonian,Chittagonian_mumxd18fIK0,18.568
Chittagonian_mumxd18fIK0_seg0117.wav,/kaggle/working/segmented_dataset/Chittagonian_mumxd18fIK0_seg0117.wav,Chittagonian,Chittagonian_mumxd18fIK0,19.768
Chittagonian_mumxd18fIK0_seg0118.wav,/kaggle/working/segmented_dataset/Chittagonian_mumxd18fIK0_seg0118.wav,Chittagonian,Chittagonian_mumxd18fIK0,18.28
Chittagonian_mumxd18fIK0_seg0119.wav,/kaggle/working/segmented_dataset/Chittagonian_mumxd18fIK0_seg0119.wav,Chittagonian,Chittagonian_mumxd18fIK0,19.276
Chittagonian_mumxd18fIK0_seg0120.wav,/kaggle/working/segmented_dataset/Chittagonian_mumxd18fIK0_seg0120.wav,Chittagonian,Chittagonian_mumxd18fIK0,19.96
Chittagonian_mumxd18fIK0_seg0121.wav,/kaggle/working/segmented_dataset/Chittagonian_mumxd18fIK0_seg0121.wav,Chittagonian,Chittagonian_mumxd18fIK0,19.304
Chittagonian_mumxd18fIK0_seg0122.wav,/kaggle/working/segmented_dataset/Chittagonian_mumxd18fIK0_seg0122.wav,Chittagonian,Chittagonian_mumxd18fIK0,16.4
Chittagonian_mumxd18fIK0_seg0123.wav,/kaggle/working/segmented_dataset/Chittagonian_mumxd18fIK0_seg0123.wav,Chittagonian,Chittagonian_mumxd18fIK0,15.64
Chittagonian_mumxd18fIK0_seg0124.wav,/kaggle/working/segmented_dataset/Chittagonian_mumxd18fIK0_seg0124.wav,Chittagonian,Chittagonian_mumxd18fIK0,19.304
Chittagonian_mumxd18fIK0_seg0125.wav,/kaggle/working/segmented_dataset/Chittagonian_mumxd18fIK0_seg0125.wav,Chittagonian,Chittagonian_mumxd18fIK0,19.304
Chittagonian_mumxd18fIK0_seg0126.wav,/kaggle/working/segmented_dataset/Chittagonian_mumxd18fIK0_seg0126.wav,Chittagonian,Chittagonian_mumxd18fIK0,17.092
Chittagonian_mumxd18fIK0_seg0127.wav,/kaggle/working/segmented_dataset/Chittagonian_mumxd18fIK0_seg0127.wav,Chittagonian,Chittagonian_mumxd18fIK0,13.312
Chittagonian_mumxd18fIK0_seg0128.wav,/kaggle/working/segmented_dataset/Chittagonian_mumxd18fIK0_seg0128.wav,Chittagonian,Chittagonian_mumxd18fIK0,19.788
Chittagonian_mumxd18fIK0_seg0129.wav,/kaggle/working/segmented_dataset/Chittagonian_mumxd18fIK0_seg0129.wav,Chittagonian,Chittagonian_mumxd18fIK0,17.12
Chittagonian_mumxd18fIK0_seg0130.wav,/kaggle/working/segmented_dataset/Chittagonian_mumxd18fIK0_seg0130.wav,Chittagonian,Chittagonian_mumxd18fIK0,19.248
Chittagonian_mumxd18fIK0_seg0131.wav,/kaggle/working/segmented_dataset/Chittagonian_mumxd18fIK0_seg0131.wav,Chittagonian,Chittagonian_mumxd18fIK0,18.98
Chittagonian_mumxd18fIK0_seg0132.wav,/kaggle/working/segmented_dataset/Chittagonian_mumxd18fIK0_seg0132.wav,Chittagonian,Chittagonian_mumxd18fIK0,15.012
Chittagonian_mumxd18fIK0_seg0133.wav,/kaggle/working/segmented_dataset/Chittagonian_mumxd18fIK0_seg0133.wav,Chittagonian,Chittagonian_mumxd18fIK0,19.152
Chittagonian_mumxd18fIK0_seg0134.wav,/kaggle/working/segmented_dataset/Chittagonian_mumxd18fIK0_seg0134.wav,Chittagonian,Chittagonian_mumxd18fIK0,17.068
Chittagonian_mumxd18fIK0_seg0135.wav,/kaggle/working/segmented_dataset/Chittagonian_mumxd18fIK0_seg0135.wav,Chittagonian,Chittagonian_mumxd18fIK0,19.972
Chittagonian_mumxd18fIK0_seg0136.wav,/kaggle/working/segmented_dataset/Chittagonian_mumxd18fIK0_seg0136.wav,Chittagonian,Chittagonian_mumxd18fIK0,12.724
Chittagonian_mumxd18fIK0_seg0137.wav,/kaggle/working/segmented_dataset/Chittagonian_mumxd18fIK0_seg0137.wav,Chittagonian,Chittagonian_mumxd18fIK0,19.504
Chittagonian_mumxd18fIK0_seg0138.wav,/kaggle/working/segmented_dataset/Chittagonian_mumxd18fIK0_seg0138.wav,Chittagonian,Chittagonian_mumxd18fIK0,17.652
Chittagonian_mumxd18fIK0_seg0139.wav,/kaggle/working/segmented_dataset/Chittagonian_mumxd18fIK0_seg0139.wav,Chittagonian,Chittagonian_mumxd18fIK0,18.512
Chittagonian_mumxd18fIK0_seg0140.wav,/kaggle/working/segmented_dataset/Chittagonian_mumxd18fIK0_seg0140.wav,Chittagonian,Chittagonian_mumxd18fIK0,14.444
Chittagonian_mumxd18fIK0_seg0141.wav,/kaggle/working/segmented_dataset/Chittagonian_mumxd18fIK0_seg0141.wav,Chittagonian,Chittagonian_mumxd18fIK0,19.168
Chittagonian_mumxd18fIK0_seg0142.wav,/kaggle/working/segmented_dataset/Chittagonian_mumxd18fIK0_seg0142.wav,Chittagonian,Chittagonian_mumxd18fIK0,5.46
Sylheti_6Ycv4OO9kwo_seg0000.wav,/kaggle/working/segmented_dataset/Sylheti_6Ycv4OO9kwo_seg0000.wav,Sylheti,Sylheti_6Ycv4OO9kwo,19.224
Sylheti_6Ycv4OO9kwo_seg0001.wav,/kaggle/working/segmented_dataset/Sylheti_6Ycv4OO9kwo_seg0001.wav,Sylheti,Sylheti_6Ycv4OO9kwo,8.016
Sylheti_6Ycv4OO9kwo_seg0002.wav,/kaggle/working/segmented_dataset/Sylheti_6Ycv4OO9kwo_seg0002.wav,Sylheti,Sylheti_6Ycv4OO9kwo,31.516
Sylheti_6Ycv4OO9kwo_seg0003.wav,/kaggle/working/segmented_dataset/Sylheti_6Ycv4OO9kwo_seg0003.wav,Sylheti,Sylheti_6Ycv4OO9kwo,17.264
Sylheti_6Ycv4OO9kwo_seg0004.wav,/kaggle/working/segmented_dataset/Sylheti_6Ycv4OO9kwo_seg0004.wav,Sylheti,Sylheti_6Ycv4OO9kwo,10.488
Sylheti_6Ycv4OO9kwo_seg0005.wav,/kaggle/working/segmented_dataset/Sylheti_6Ycv4OO9kwo_seg0005.wav,Sylheti,Sylheti_6Ycv4OO9kwo,15.448
Sylheti_6Ycv4OO9kwo_seg0006.wav,/kaggle/working/segmented_dataset/Sylheti_6Ycv4OO9kwo_seg0006.wav,Sylheti,Sylheti_6Ycv4OO9kwo,7.796
Sylheti_6Ycv4OO9kwo_seg0007.wav,/kaggle/working/segmented_dataset/Sylheti_6Ycv4OO9kwo_seg0007.wav,Sylheti,Sylheti_6Ycv4OO9kwo,32.604
Sylheti_6Ycv4OO9kwo_seg0008.wav,/kaggle/working/segmented_dataset/Sylheti_6Ycv4OO9kwo_seg0008.wav,Sylheti,Sylheti_6Ycv4OO9kwo,18.064
Sylheti_6Ycv4OO9kwo_seg0009.wav,/kaggle/working/segmented_dataset/Sylheti_6Ycv4OO9kwo_seg0009.wav,Sylheti,Sylheti_6Ycv4OO9kwo,18.892
Sylheti_6Ycv4OO9kwo_seg0010.wav,/kaggle/working/segmented_dataset/Sylheti_6Ycv4OO9kwo_seg0010.wav,Sylheti,Sylheti_6Ycv4OO9kwo,17.6
Sylheti_6Ycv4OO9kwo_seg0011.wav,/kaggle/working/segmented_dataset/Sylheti_6Ycv4OO9kwo_seg0011.wav,Sylheti,Sylheti_6Ycv4OO9kwo,13.852
Sylheti_6Ycv4OO9kwo_seg0012.wav,/kaggle/working/segmented_dataset/Sylheti_6Ycv4OO9kwo_seg0012.wav,Sylheti,Sylheti_6Ycv4OO9kwo,13.616
Sylheti_6Ycv4OO9kwo_seg0013.wav,/kaggle/working/segmented_dataset/Sylheti_6Ycv4OO9kwo_seg0013.wav,Sylheti,Sylheti_6Ycv4OO9kwo,15.98
Sylheti_6Ycv4OO9kwo_seg0014.wav,/kaggle/working/segmented_dataset/Sylheti_6Ycv4OO9kwo_seg0014.wav,Sylheti,Sylheti_6Ycv4OO9kwo,16.752
Sylheti_6Ycv4OO9kwo_seg0015.wav,/kaggle/working/segmented_dataset/Sylheti_6Ycv4OO9kwo_seg0015.wav,Sylheti,Sylheti_6Ycv4OO9kwo,19.048
Sylheti_6Ycv4OO9kwo_seg0016.wav,/kaggle/working/segmented_dataset/Sylheti_6Ycv4OO9kwo_seg0016.wav,Sylheti,Sylheti_6Ycv4OO9kwo,19.832
Sylheti_6Ycv4OO9kwo_seg0017.wav,/kaggle/working/segmented_dataset/Sylheti_6Ycv4OO9kwo_seg0017.wav,Sylheti,Sylheti_6Ycv4OO9kwo,4.98
Sylheti_6Ycv4OO9kwo_seg0018.wav,/kaggle/working/segmented_dataset/Sylheti_6Ycv4OO9kwo_seg0018.wav,Sylheti,Sylheti_6Ycv4OO9kwo,19.128
Sylheti_6Ycv4OO9kwo_seg0019.wav,/kaggle/working/segmented_dataset/Sylheti_6Ycv4OO9kwo_seg0019.wav,Sylheti,Sylheti_6Ycv4OO9kwo,18.672
Sylheti_6Ycv4OO9kwo_seg0020.wav,/kaggle/working/segmented_dataset/Sylheti_6Ycv4OO9kwo_seg0020.wav,Sylheti,Sylheti_6Ycv4OO9kwo,16.376
Sylheti_6Ycv4OO9kwo_seg0021.wav,/kaggle/working/segmented_dataset/Sylheti_6Ycv4OO9kwo_seg0021.wav,Sylheti,Sylheti_6Ycv4OO9kwo,11.26
Sylheti_6Ycv4OO9kwo_seg0022.wav,/kaggle/working/segmented_dataset/Sylheti_6Ycv4OO9kwo_seg0022.wav,Sylheti,Sylheti_6Ycv4OO9kwo,46.492
Sylheti_6Ycv4OO9kwo_seg0023.wav,/kaggle/working/segmented_dataset/Sylheti_6Ycv4OO9kwo_seg0023.wav,Sylheti,Sylheti_6Ycv4OO9kwo,19.804
Sylheti_6Ycv4OO9kwo_seg0024.wav,/kaggle/working/segmented_dataset/Sylheti_6Ycv4OO9kwo_seg0024.wav,Sylheti,Sylheti_6Ycv4OO9kwo,12.7
Sylheti_6Ycv4OO9kwo_seg0025.wav,/kaggle/working/segmented_dataset/Sylheti_6Ycv4OO9kwo_seg0025.wav,Sylheti,Sylheti_6Ycv4OO9kwo,16.5
Sylheti_6Ycv4OO9kwo_seg0026.wav,/kaggle/working/segmented_dataset/Sylheti_6Ycv4OO9kwo_seg0026.wav,Sylheti,Sylheti_6Ycv4OO9kwo,11.692
Sylheti_6Ycv4OO9kwo_seg0027.wav,/kaggle/working/segmented_dataset/Sylheti_6Ycv4OO9kwo_seg0027.wav,Sylheti,Sylheti_6Ycv4OO9kwo,21.34
Sylheti_6Ycv4OO9kwo_seg0028.wav,/kaggle/working/segmented_dataset/Sylheti_6Ycv4OO9kwo_seg0028.wav,Sylheti,Sylheti_6Ycv4OO9kwo,30.972
Sylheti_6Ycv4OO9kwo_seg0029.wav,/kaggle/working/segmented_dataset/Sylheti_6Ycv4OO9kwo_seg0029.wav,Sylheti,Sylheti_6Ycv4OO9kwo,19.296
Sylheti_6Ycv4OO9kwo_seg0030.wav,/kaggle/working/segmented_dataset/Sylheti_6Ycv4OO9kwo_seg0030.wav,Sylheti,Sylheti_6Ycv4OO9kwo,17.056
Sylheti_6Ycv4OO9kwo_seg0031.wav,/kaggle/working/segmented_dataset/Sylheti_6Ycv4OO9kwo_seg0031.wav,Sylheti,Sylheti_6Ycv4OO9kwo,18.028
Sylheti_6Ycv4OO9kwo_seg0032.wav,/kaggle/working/segmented_dataset/Sylheti_6Ycv4OO9kwo_seg0032.wav,Sylheti,Sylheti_6Ycv4OO9kwo,14.256
Sylheti_6Ycv4OO9kwo_seg0033.wav,/kaggle/working/segmented_dataset/Sylheti_6Ycv4OO9kwo_seg0033.wav,Sylheti,Sylheti_6Ycv4OO9kwo,22.652
Sylheti_6Ycv4OO9kwo_seg0034.wav,/kaggle/working/segmented_dataset/Sylheti_6Ycv4OO9kwo_seg0034.wav,Sylheti,Sylheti_6Ycv4OO9kwo,6.716
Sylheti_6Ycv4OO9kwo_seg0035.wav,/kaggle/working/segmented_dataset/Sylheti_6Ycv4OO9kwo_seg0035.wav,Sylheti,Sylheti_6Ycv4OO9kwo,13.724
Sylheti_6Ycv4OO9kwo_seg0036.wav,/kaggle/working/segmented_dataset/Sylheti_6Ycv4OO9kwo_seg0036.wav,Sylheti,Sylheti_6Ycv4OO9kwo,16.372
Sylheti_6Ycv4OO9kwo_seg0037.wav,/kaggle/working/segmented_dataset/Sylheti_6Ycv4OO9kwo_seg0037.wav,Sylheti,Sylheti_6Ycv4OO9kwo,18.62
Sylheti_6Ycv4OO9kwo_seg0038.wav,/kaggle/working/segmented_dataset/Sylheti_6Ycv4OO9kwo_seg0038.wav,Sylheti,Sylheti_6Ycv4OO9kwo,10.984
Sylheti_6Ycv4OO9kwo_seg0039.wav,/kaggle/working/segmented_dataset/Sylheti_6Ycv4OO9kwo_seg0039.wav,Sylheti,Sylheti_6Ycv4OO9kwo,23.516
Sylheti_6Ycv4OO9kwo_seg0040.wav,/kaggle/working/segmented_dataset/Sylheti_6Ycv4OO9kwo_seg0040.wav,Sylheti,Sylheti_6Ycv4OO9kwo,19.904
Sylheti_6Ycv4OO9kwo_seg0041.wav,/kaggle/working/segmented_dataset/Sylheti_6Ycv4OO9kwo_seg0041.wav,Sylheti,Sylheti_6Ycv4OO9kwo,13.836
Sylheti_6Ycv4OO9kwo_seg0042.wav,/kaggle/working/segmented_dataset/Sylheti_6Ycv4OO9kwo_seg0042.wav,Sylheti,Sylheti_6Ycv4OO9kwo,16.216
Sylheti_6Ycv4OO9kwo_seg0043.wav,/kaggle/working/segmented_dataset/Sylheti_6Ycv4OO9kwo_seg0043.wav,Sylheti,Sylheti_6Ycv4OO9kwo,18.224
Sylheti_6Ycv4OO9kwo_seg0044.wav,/kaggle/working/segmented_dataset/Sylheti_6Ycv4OO9kwo_seg0044.wav,Sylheti,Sylheti_6Ycv4OO9kwo,17.984
Sylheti_6Ycv4OO9kwo_seg0045.wav,/kaggle/working/segmented_dataset/Sylheti_6Ycv4OO9kwo_seg0045.wav,Sylheti,Sylheti_6Ycv4OO9kwo,19.756
Sylheti_6Ycv4OO9kwo_seg0046.wav,/kaggle/working/segmented_dataset/Sylheti_6Ycv4OO9kwo_seg0046.wav,Sylheti,Sylheti_6Ycv4OO9kwo,15.452
Sylheti_6Ycv4OO9kwo_seg0047.wav,/kaggle/working/segmented_dataset/Sylheti_6Ycv4OO9kwo_seg0047.wav,Sylheti,Sylheti_6Ycv4OO9kwo,19.544
Sylheti_6Ycv4OO9kwo_seg0048.wav,/kaggle/working/segmented_dataset/Sylheti_6Ycv4OO9kwo_seg0048.wav,Sylheti,Sylheti_6Ycv4OO9kwo,17.108
Sylheti_6Ycv4OO9kwo_seg0049.wav,/kaggle/working/segmented_dataset/Sylheti_6Ycv4OO9kwo_seg0049.wav,Sylheti,Sylheti_6Ycv4OO9kwo,17.264
Sylheti_6Ycv4OO9kwo_seg0050.wav,/kaggle/working/segmented_dataset/Sylheti_6Ycv4OO9kwo_seg0050.wav,Sylheti,Sylheti_6Ycv4OO9kwo,10.844
Sylheti_6Ycv4OO9kwo_seg0051.wav,/kaggle/working/segmented_dataset/Sylheti_6Ycv4OO9kwo_seg0051.wav,Sylheti,Sylheti_6Ycv4OO9kwo,16.54
Sylheti_6Ycv4OO9kwo_seg0052.wav,/kaggle/working/segmented_dataset/Sylheti_6Ycv4OO9kwo_seg0052.wav,Sylheti,Sylheti_6Ycv4OO9kwo,13.52
Sylheti_6Ycv4OO9kwo_seg0053.wav,/kaggle/working/segmented_dataset/Sylheti_6Ycv4OO9kwo_seg0053.wav,Sylheti,Sylheti_6Ycv4OO9kwo,19.304
Sylheti_6Ycv4OO9kwo_seg0054.wav,/kaggle/working/segmented_dataset/Sylheti_6Ycv4OO9kwo_seg0054.wav,Sylheti,Sylheti_6Ycv4OO9kwo,14.312
Sylheti_6Ycv4OO9kwo_seg0055.wav,/kaggle/working/segmented_dataset/Sylheti_6Ycv4OO9kwo_seg0055.wav,Sylheti,Sylheti_6Ycv4OO9kwo,18.48
Sylheti_6Ycv4OO9kwo_seg0056.wav,/kaggle/working/segmented_dataset/Sylheti_6Ycv4OO9kwo_seg0056.wav,Sylheti,Sylheti_6Ycv4OO9kwo,24.572
Sylheti_6Ycv4OO9kwo_seg0057.wav,/kaggle/working/segmented_dataset/Sylheti_6Ycv4OO9kwo_seg0057.wav,Sylheti,Sylheti_6Ycv4OO9kwo,17.208
Sylheti_6Ycv4OO9kwo_seg0058.wav,/kaggle/working/segmented_dataset/Sylheti_6Ycv4OO9kwo_seg0058.wav,Sylheti,Sylheti_6Ycv4OO9kwo,19.88
Sylheti_6Ycv4OO9kwo_seg0059.wav,/kaggle/working/segmented_dataset/Sylheti_6Ycv4OO9kwo_seg0059.wav,Sylheti,Sylheti_6Ycv4OO9kwo,18.196
Sylheti_6Ycv4OO9kwo_seg0060.wav,/kaggle/working/segmented_dataset/Sylheti_6Ycv4OO9kwo_seg0060.wav,Sylheti,Sylheti_6Ycv4OO9kwo,10.344
Sylheti_6Ycv4OO9kwo_seg0061.wav,/kaggle/working/segmented_dataset/Sylheti_6Ycv4OO9kwo_seg0061.wav,Sylheti,Sylheti_6Ycv4OO9kwo,14.044
Sylheti_6Ycv4OO9kwo_seg0062.wav,/kaggle/working/segmented_dataset/Sylheti_6Ycv4OO9kwo_seg0062.wav,Sylheti,Sylheti_6Ycv4OO9kwo,19.736
Sylheti_6Ycv4OO9kwo_seg0063.wav,/kaggle/working/segmented_dataset/Sylheti_6Ycv4OO9kwo_seg0063.wav,Sylheti,Sylheti_6Ycv4OO9kwo,19.896
Sylheti_6Ycv4OO9kwo_seg0064.wav,/kaggle/working/segmented_dataset/Sylheti_6Ycv4OO9kwo_seg0064.wav,Sylheti,Sylheti_6Ycv4OO9kwo,9.276
Sylheti_6Ycv4OO9kwo_seg0065.wav,/kaggle/working/segmented_dataset/Sylheti_6Ycv4OO9kwo_seg0065.wav,Sylheti,Sylheti_6Ycv4OO9kwo,11.964
Sylheti_6Ycv4OO9kwo_seg0066.wav,/kaggle/working/segmented_dataset/Sylheti_6Ycv4OO9kwo_seg0066.wav,Sylheti,Sylheti_6Ycv4OO9kwo,18.984
Sylheti_6Ycv4OO9kwo_seg0067.wav,/kaggle/working/segmented_dataset/Sylheti_6Ycv4OO9kwo_seg0067.wav,Sylheti,Sylheti_6Ycv4OO9kwo,17.932
Sylheti_6Ycv4OO9kwo_seg0068.wav,/kaggle/working/segmented_dataset/Sylheti_6Ycv4OO9kwo_seg0068.wav,Sylheti,Sylheti_6Ycv4OO9kwo,39.484
Sylheti_6Ycv4OO9kwo_seg0069.wav,/kaggle/working/segmented_dataset/Sylheti_6Ycv4OO9kwo_seg0069.wav,Sylheti,Sylheti_6Ycv4OO9kwo,42.684
Sylheti_6Ycv4OO9kwo_seg0070.wav,/kaggle/working/segmented_dataset/Sylheti_6Ycv4OO9kwo_seg0070.wav,Sylheti,Sylheti_6Ycv4OO9kwo,16.292
Sylheti_6Ycv4OO9kwo_seg0071.wav,/kaggle/working/segmented_dataset/Sylheti_6Ycv4OO9kwo_seg0071.wav,Sylheti,Sylheti_6Ycv4OO9kwo,12.18
Sylheti_6Ycv4OO9kwo_seg0072.wav,/kaggle/working/segmented_dataset/Sylheti_6Ycv4OO9kwo_seg0072.wav,Sylheti,Sylheti_6Ycv4OO9kwo,19.068
Sylheti_6Ycv4OO9kwo_seg0073.wav,/kaggle/working/segmented_dataset/Sylheti_6Ycv4OO9kwo_seg0073.wav,Sylheti,Sylheti_6Ycv4OO9kwo,39.868
Sylheti_6Ycv4OO9kwo_seg0074.wav,/kaggle/working/segmented_dataset/Sylheti_6Ycv4OO9kwo_seg0074.wav,Sylheti,Sylheti_6Ycv4OO9kwo,19.7
Sylheti_6Ycv4OO9kwo_seg0075.wav,/kaggle/working/segmented_dataset/Sylheti_6Ycv4OO9kwo_seg0075.wav,Sylheti,Sylheti_6Ycv4OO9kwo,17.696
Sylheti_6Ycv4OO9kwo_seg0076.wav,/kaggle/working/segmented_dataset/Sylheti_6Ycv4OO9kwo_seg0076.wav,Sylheti,Sylheti_6Ycv4OO9kwo,13.268
Sylheti_6Ycv4OO9kwo_seg0077.wav,/kaggle/working/segmented_dataset/Sylheti_6Ycv4OO9kwo_seg0077.wav,Sylheti,Sylheti_6Ycv4OO9kwo,17.332
Sylheti_6Ycv4OO9kwo_seg0078.wav,/kaggle/working/segmented_dataset/Sylheti_6Ycv4OO9kwo_seg0078.wav,Sylheti,Sylheti_6Ycv4OO9kwo,5.848
Sylheti_6Ycv4OO9kwo_seg0079.wav,/kaggle/working/segmented_dataset/Sylheti_6Ycv4OO9kwo_seg0079.wav,Sylheti,Sylheti_6Ycv4OO9kwo,25.628
Sylheti_6Ycv4OO9kwo_seg0080.wav,/kaggle/working/segmented_dataset/Sylheti_6Ycv4OO9kwo_seg0080.wav,Sylheti,Sylheti_6Ycv4OO9kwo,13.48
Sylheti_6Ycv4OO9kwo_seg0081.wav,/kaggle/working/segmented_dataset/Sylheti_6Ycv4OO9kwo_seg0081.wav,Sylheti,Sylheti_6Ycv4OO9kwo,10.328
Sylheti_6Ycv4OO9kwo_seg0082.wav,/kaggle/working/segmented_dataset/Sylheti_6Ycv4OO9kwo_seg0082.wav,Sylheti,Sylheti_6Ycv4OO9kwo,17.044
Sylheti_6Ycv4OO9kwo_seg0083.wav,/kaggle/working/segmented_dataset/Sylheti_6Ycv4OO9kwo_seg0083.wav,Sylheti,Sylheti_6Ycv4OO9kwo,16.316
Sylheti_6Ycv4OO9kwo_seg0084.wav,/kaggle/working/segmented_dataset/Sylheti_6Ycv4OO9kwo_seg0084.wav,Sylheti,Sylheti_6Ycv4OO9kwo,13.224
Sylheti_6Ycv4OO9kwo_seg0085.wav,/kaggle/working/segmented_dataset/Sylheti_6Ycv4OO9kwo_seg0085.wav,Sylheti,Sylheti_6Ycv4OO9kwo,16.66
Sylheti_6Ycv4OO9kwo_seg0086.wav,/kaggle/working/segmented_dataset/Sylheti_6Ycv4OO9kwo_seg0086.wav,Sylheti,Sylheti_6Ycv4OO9kwo,7.64
Sylheti_6Ycv4OO9kwo_seg0087.wav,/kaggle/working/segmented_dataset/Sylheti_6Ycv4OO9kwo_seg0087.wav,Sylheti,Sylheti_6Ycv4OO9kwo,19.632
Sylheti_6Ycv4OO9kwo_seg0088.wav,/kaggle/working/segmented_dataset/Sylheti_6Ycv4OO9kwo_seg0088.wav,Sylheti,Sylheti_6Ycv4OO9kwo,11.94
Sylheti_6Ycv4OO9kwo_seg0089.wav,/kaggle/working/segmented_dataset/Sylheti_6Ycv4OO9kwo_seg0089.wav,Sylheti,Sylheti_6Ycv4OO9kwo,15.908
Sylheti_6Ycv4OO9kwo_seg0090.wav,/kaggle/working/segmented_dataset/Sylheti_6Ycv4OO9kwo_seg0090.wav,Sylheti,Sylheti_6Ycv4OO9kwo,11.26
Sylheti_6Ycv4OO9kwo_seg0091.wav,/kaggle/working/segmented_dataset/Sylheti_6Ycv4OO9kwo_seg0091.wav,Sylheti,Sylheti_6Ycv4OO9kwo,27.58
Sylheti_6Ycv4OO9kwo_seg0092.wav,/kaggle/working/segmented_dataset/Sylheti_6Ycv4OO9kwo_seg0092.wav,Sylheti,Sylheti_6Ycv4OO9kwo,19.944
Sylheti_6Ycv4OO9kwo_seg0093.wav,/kaggle/working/segmented_dataset/Sylheti_6Ycv4OO9kwo_seg0093.wav,Sylheti,Sylheti_6Ycv4OO9kwo,18.492
Sylheti_6Ycv4OO9kwo_seg0094.wav,/kaggle/working/segmented_dataset/Sylheti_6Ycv4OO9kwo_seg0094.wav,Sylheti,Sylheti_6Ycv4OO9kwo,5.304
Sylheti_6Ycv4OO9kwo_seg0095.wav,/kaggle/working/segmented_dataset/Sylheti_6Ycv4OO9kwo_seg0095.wav,Sylheti,Sylheti_6Ycv4OO9kwo,17.02
Sylheti_6Ycv4OO9kwo_seg0096.wav,/kaggle/working/segmented_dataset/Sylheti_6Ycv4OO9kwo_seg0096.wav,Sylheti,Sylheti_6Ycv4OO9kwo,13.748
Sylheti_6Ycv4OO9kwo_seg0097.wav,/kaggle/working/segmented_dataset/Sylheti_6Ycv4OO9kwo_seg0097.wav,Sylheti,Sylheti_6Ycv4OO9kwo,21.244
Sylheti_6Ycv4OO9kwo_seg0098.wav,/kaggle/working/segmented_dataset/Sylheti_6Ycv4OO9kwo_seg0098.wav,Sylheti,Sylheti_6Ycv4OO9kwo,6.772
Sylheti_6Ycv4OO9kwo_seg0099.wav,/kaggle/working/segmented_dataset/Sylheti_6Ycv4OO9kwo_seg0099.wav,Sylheti,Sylheti_6Ycv4OO9kwo,18.072
Sylheti_6Ycv4OO9kwo_seg0100.wav,/kaggle/working/segmented_dataset/Sylheti_6Ycv4OO9kwo_seg0100.wav,Sylheti,Sylheti_6Ycv4OO9kwo,15.628
Sylheti_6Ycv4OO9kwo_seg0101.wav,/kaggle/working/segmented_dataset/Sylheti_6Ycv4OO9kwo_seg0101.wav,Sylheti,Sylheti_6Ycv4OO9kwo,33.724
Sylheti_6Ycv4OO9kwo_seg0102.wav,/kaggle/working/segmented_dataset/Sylheti_6Ycv4OO9kwo_seg0102.wav,Sylheti,Sylheti_6Ycv4OO9kwo,17.136
Sylheti_6Ycv4OO9kwo_seg0103.wav,/kaggle/working/segmented_dataset/Sylheti_6Ycv4OO9kwo_seg0103.wav,Sylheti,Sylheti_6Ycv4OO9kwo,3.9
Sylheti_6Ycv4OO9kwo_seg0104.wav,/kaggle/working/segmented_dataset/Sylheti_6Ycv4OO9kwo_seg0104.wav,Sylheti,Sylheti_6Ycv4OO9kwo,22.524
Sylheti_6Ycv4OO9kwo_seg0105.wav,/kaggle/working/segmented_dataset/Sylheti_6Ycv4OO9kwo_seg0105.wav,Sylheti,Sylheti_6Ycv4OO9kwo,19.096
Sylheti_6Ycv4OO9kwo_seg0106.wav,/kaggle/working/segmented_dataset/Sylheti_6Ycv4OO9kwo_seg0106.wav,Sylheti,Sylheti_6Ycv4OO9kwo,17.188
Sylheti_6Ycv4OO9kwo_seg0107.wav,/kaggle/working/segmented_dataset/Sylheti_6Ycv4OO9kwo_seg0107.wav,Sylheti,Sylheti_6Ycv4OO9kwo,13.496
Sylheti_6Ycv4OO9kwo_seg0108.wav,/kaggle/working/segmented_dataset/Sylheti_6Ycv4OO9kwo_seg0108.wav,Sylheti,Sylheti_6Ycv4OO9kwo,12.92
Sylheti_6Ycv4OO9kwo_seg0109.wav,/kaggle/working/segmented_dataset/Sylheti_6Ycv4OO9kwo_seg0109.wav,Sylheti,Sylheti_6Ycv4OO9kwo,18.868
Sylheti_6Ycv4OO9kwo_seg0110.wav,/kaggle/working/segmented_dataset/Sylheti_6Ycv4OO9kwo_seg0110.wav,Sylheti,Sylheti_6Ycv4OO9kwo,16.04
Sylheti_6Ycv4OO9kwo_seg0111.wav,/kaggle/working/segmented_dataset/Sylheti_6Ycv4OO9kwo_seg0111.wav,Sylheti,Sylheti_6Ycv4OO9kwo,19.848
Sylheti_6Ycv4OO9kwo_seg0112.wav,/kaggle/working/segmented_dataset/Sylheti_6Ycv4OO9kwo_seg0112.wav,Sylheti,Sylheti_6Ycv4OO9kwo,18.212
Sylheti_6Ycv4OO9kwo_seg0113.wav,/kaggle/working/segmented_dataset/Sylheti_6Ycv4OO9kwo_seg0113.wav,Sylheti,Sylheti_6Ycv4OO9kwo,17.62
Sylheti_6Ycv4OO9kwo_seg0114.wav,/kaggle/working/segmented_dataset/Sylheti_6Ycv4OO9kwo_seg0114.wav,Sylheti,Sylheti_6Ycv4OO9kwo,18.372
Sylheti_6Ycv4OO9kwo_seg0115.wav,/kaggle/working/segmented_dataset/Sylheti_6Ycv4OO9kwo_seg0115.wav,Sylheti,Sylheti_6Ycv4OO9kwo,16.88
Sylheti_6Ycv4OO9kwo_seg0116.wav,/kaggle/working/segmented_dataset/Sylheti_6Ycv4OO9kwo_seg0116.wav,Sylheti,Sylheti_6Ycv4OO9kwo,4.252
Sylheti_B8tTlSZo7Z8_seg0000.wav,/kaggle/working/segmented_dataset/Sylheti_B8tTlSZo7Z8_seg0000.wav,Sylheti,Sylheti_B8tTlSZo7Z8,19.516
Sylheti_B8tTlSZo7Z8_seg0001.wav,/kaggle/working/segmented_dataset/Sylheti_B8tTlSZo7Z8_seg0001.wav,Sylheti,Sylheti_B8tTlSZo7Z8,6.068
Sylheti_B8tTlSZo7Z8_seg0002.wav,/kaggle/working/segmented_dataset/Sylheti_B8tTlSZo7Z8_seg0002.wav,Sylheti,Sylheti_B8tTlSZo7Z8,17.304
Sylheti_B8tTlSZo7Z8_seg0003.wav,/kaggle/working/segmented_dataset/Sylheti_B8tTlSZo7Z8_seg0003.wav,Sylheti,Sylheti_B8tTlSZo7Z8,16.404
Sylheti_B8tTlSZo7Z8_seg0004.wav,/kaggle/working/segmented_dataset/Sylheti_B8tTlSZo7Z8_seg0004.wav,Sylheti,Sylheti_B8tTlSZo7Z8,11.34
Sylheti_B8tTlSZo7Z8_seg0005.wav,/kaggle/working/segmented_dataset/Sylheti_B8tTlSZo7Z8_seg0005.wav,Sylheti,Sylheti_B8tTlSZo7Z8,26.3
Sylheti_B8tTlSZo7Z8_seg0006.wav,/kaggle/working/segmented_dataset/Sylheti_B8tTlSZo7Z8_seg0006.wav,Sylheti,Sylheti_B8tTlSZo7Z8,10.2
Sylheti_B8tTlSZo7Z8_seg0007.wav,/kaggle/working/segmented_dataset/Sylheti_B8tTlSZo7Z8_seg0007.wav,Sylheti,Sylheti_B8tTlSZo7Z8,19.116
Sylheti_B8tTlSZo7Z8_seg0008.wav,/kaggle/working/segmented_dataset/Sylheti_B8tTlSZo7Z8_seg0008.wav,Sylheti,Sylheti_B8tTlSZo7Z8,37.532
Sylheti_B8tTlSZo7Z8_seg0009.wav,/kaggle/working/segmented_dataset/Sylheti_B8tTlSZo7Z8_seg0009.wav,Sylheti,Sylheti_B8tTlSZo7Z8,17.276
Sylheti_B8tTlSZo7Z8_seg0010.wav,/kaggle/working/segmented_dataset/Sylheti_B8tTlSZo7Z8_seg0010.wav,Sylheti,Sylheti_B8tTlSZo7Z8,21.34
Sylheti_B8tTlSZo7Z8_seg0011.wav,/kaggle/working/segmented_dataset/Sylheti_B8tTlSZo7Z8_seg0011.wav,Sylheti,Sylheti_B8tTlSZo7Z8,16.116
Sylheti_B8tTlSZo7Z8_seg0012.wav,/kaggle/working/segmented_dataset/Sylheti_B8tTlSZo7Z8_seg0012.wav,Sylheti,Sylheti_B8tTlSZo7Z8,9.492
Sylheti_B8tTlSZo7Z8_seg0013.wav,/kaggle/working/segmented_dataset/Sylheti_B8tTlSZo7Z8_seg0013.wav,Sylheti,Sylheti_B8tTlSZo7Z8,16.856
Sylheti_B8tTlSZo7Z8_seg0014.wav,/kaggle/working/segmented_dataset/Sylheti_B8tTlSZo7Z8_seg0014.wav,Sylheti,Sylheti_B8tTlSZo7Z8,18.108
Sylheti_B8tTlSZo7Z8_seg0015.wav,/kaggle/working/segmented_dataset/Sylheti_B8tTlSZo7Z8_seg0015.wav,Sylheti,Sylheti_B8tTlSZo7Z8,19.828
Sylheti_B8tTlSZo7Z8_seg0016.wav,/kaggle/working/segmented_dataset/Sylheti_B8tTlSZo7Z8_seg0016.wav,Sylheti,Sylheti_B8tTlSZo7Z8,5.4
Sylheti_B8tTlSZo7Z8_seg0017.wav,/kaggle/working/segmented_dataset/Sylheti_B8tTlSZo7Z8_seg0017.wav,Sylheti,Sylheti_B8tTlSZo7Z8,22.268
Sylheti_B8tTlSZo7Z8_seg0018.wav,/kaggle/working/segmented_dataset/Sylheti_B8tTlSZo7Z8_seg0018.wav,Sylheti,Sylheti_B8tTlSZo7Z8,18.596
Sylheti_B8tTlSZo7Z8_seg0019.wav,/kaggle/working/segmented_dataset/Sylheti_B8tTlSZo7Z8_seg0019.wav,Sylheti,Sylheti_B8tTlSZo7Z8,17.268
Sylheti_B8tTlSZo7Z8_seg0020.wav,/kaggle/working/segmented_dataset/Sylheti_B8tTlSZo7Z8_seg0020.wav,Sylheti,Sylheti_B8tTlSZo7Z8,19.348
Sylheti_B8tTlSZo7Z8_seg0021.wav,/kaggle/working/segmented_dataset/Sylheti_B8tTlSZo7Z8_seg0021.wav,Sylheti,Sylheti_B8tTlSZo7Z8,17.088
Sylheti_B8tTlSZo7Z8_seg0022.wav,/kaggle/working/segmented_dataset/Sylheti_B8tTlSZo7Z8_seg0022.wav,Sylheti,Sylheti_B8tTlSZo7Z8,7.356
Sylheti_B8tTlSZo7Z8_seg0023.wav,/kaggle/working/segmented_dataset/Sylheti_B8tTlSZo7Z8_seg0023.wav,Sylheti,Sylheti_B8tTlSZo7Z8,15.324
Sylheti_B8tTlSZo7Z8_seg0024.wav,/kaggle/working/segmented_dataset/Sylheti_B8tTlSZo7Z8_seg0024.wav,Sylheti,Sylheti_B8tTlSZo7Z8,39.484
Sylheti_B8tTlSZo7Z8_seg0025.wav,/kaggle/working/segmented_dataset/Sylheti_B8tTlSZo7Z8_seg0025.wav,Sylheti,Sylheti_B8tTlSZo7Z8,18.8
Sylheti_B8tTlSZo7Z8_seg0026.wav,/kaggle/working/segmented_dataset/Sylheti_B8tTlSZo7Z8_seg0026.wav,Sylheti,Sylheti_B8tTlSZo7Z8,18.112
Sylheti_B8tTlSZo7Z8_seg0027.wav,/kaggle/working/segmented_dataset/Sylheti_B8tTlSZo7Z8_seg0027.wav,Sylheti,Sylheti_B8tTlSZo7Z8,5.08
Sylheti_B8tTlSZo7Z8_seg0028.wav,/kaggle/working/segmented_dataset/Sylheti_B8tTlSZo7Z8_seg0028.wav,Sylheti,Sylheti_B8tTlSZo7Z8,31.708
Sylheti_B8tTlSZo7Z8_seg0029.wav,/kaggle/working/segmented_dataset/Sylheti_B8tTlSZo7Z8_seg0029.wav,Sylheti,Sylheti_B8tTlSZo7Z8,17.2
Sylheti_B8tTlSZo7Z8_seg0030.wav,/kaggle/working/segmented_dataset/Sylheti_B8tTlSZo7Z8_seg0030.wav,Sylheti,Sylheti_B8tTlSZo7Z8,19.648
Sylheti_B8tTlSZo7Z8_seg0031.wav,/kaggle/working/segmented_dataset/Sylheti_B8tTlSZo7Z8_seg0031.wav,Sylheti,Sylheti_B8tTlSZo7Z8,19.944
Sylheti_B8tTlSZo7Z8_seg0032.wav,/kaggle/working/segmented_dataset/Sylheti_B8tTlSZo7Z8_seg0032.wav,Sylheti,Sylheti_B8tTlSZo7Z8,2.168
Sylheti_B8tTlSZo7Z8_seg0033.wav,/kaggle/working/segmented_dataset/Sylheti_B8tTlSZo7Z8_seg0033.wav,Sylheti,Sylheti_B8tTlSZo7Z8,52.38
Sylheti_B8tTlSZo7Z8_seg0034.wav,/kaggle/working/segmented_dataset/Sylheti_B8tTlSZo7Z8_seg0034.wav,Sylheti,Sylheti_B8tTlSZo7Z8,13.496
Sylheti_B8tTlSZo7Z8_seg0035.wav,/kaggle/working/segmented_dataset/Sylheti_B8tTlSZo7Z8_seg0035.wav,Sylheti,Sylheti_B8tTlSZo7Z8,11.132
Sylheti_B8tTlSZo7Z8_seg0036.wav,/kaggle/working/segmented_dataset/Sylheti_B8tTlSZo7Z8_seg0036.wav,Sylheti,Sylheti_B8tTlSZo7Z8,19.156
Sylheti_B8tTlSZo7Z8_seg0037.wav,/kaggle/working/segmented_dataset/Sylheti_B8tTlSZo7Z8_seg0037.wav,Sylheti,Sylheti_B8tTlSZo7Z8,18.896
Sylheti_B8tTlSZo7Z8_seg0038.wav,/kaggle/working/segmented_dataset/Sylheti_B8tTlSZo7Z8_seg0038.wav,Sylheti,Sylheti_B8tTlSZo7Z8,17.948
Sylheti_B8tTlSZo7Z8_seg0039.wav,/kaggle/working/segmented_dataset/Sylheti_B8tTlSZo7Z8_seg0039.wav,Sylheti,Sylheti_B8tTlSZo7Z8,8.216
Sylheti_B8tTlSZo7Z8_seg0040.wav,/kaggle/working/segmented_dataset/Sylheti_B8tTlSZo7Z8_seg0040.wav,Sylheti,Sylheti_B8tTlSZo7Z8,18.648
Sylheti_B8tTlSZo7Z8_seg0041.wav,/kaggle/working/segmented_dataset/Sylheti_B8tTlSZo7Z8_seg0041.wav,Sylheti,Sylheti_B8tTlSZo7Z8,18.172
Sylheti_B8tTlSZo7Z8_seg0042.wav,/kaggle/working/segmented_dataset/Sylheti_B8tTlSZo7Z8_seg0042.wav,Sylheti,Sylheti_B8tTlSZo7Z8,17.252
Sylheti_B8tTlSZo7Z8_seg0043.wav,/kaggle/working/segmented_dataset/Sylheti_B8tTlSZo7Z8_seg0043.wav,Sylheti,Sylheti_B8tTlSZo7Z8,18.032
Sylheti_B8tTlSZo7Z8_seg0044.wav,/kaggle/working/segmented_dataset/Sylheti_B8tTlSZo7Z8_seg0044.wav,Sylheti,Sylheti_B8tTlSZo7Z8,19.624
Sylheti_B8tTlSZo7Z8_seg0045.wav,/kaggle/working/segmented_dataset/Sylheti_B8tTlSZo7Z8_seg0045.wav,Sylheti,Sylheti_B8tTlSZo7Z8,16.9
Sylheti_B8tTlSZo7Z8_seg0046.wav,/kaggle/working/segmented_dataset/Sylheti_B8tTlSZo7Z8_seg0046.wav,Sylheti,Sylheti_B8tTlSZo7Z8,17.252
Sylheti_B8tTlSZo7Z8_seg0047.wav,/kaggle/working/segmented_dataset/Sylheti_B8tTlSZo7Z8_seg0047.wav,Sylheti,Sylheti_B8tTlSZo7Z8,18.144
Sylheti_B8tTlSZo7Z8_seg0048.wav,/kaggle/working/segmented_dataset/Sylheti_B8tTlSZo7Z8_seg0048.wav,Sylheti,Sylheti_B8tTlSZo7Z8,19.984
Sylheti_B8tTlSZo7Z8_seg0049.wav,/kaggle/working/segmented_dataset/Sylheti_B8tTlSZo7Z8_seg0049.wav,Sylheti,Sylheti_B8tTlSZo7Z8,19.928
Sylheti_B8tTlSZo7Z8_seg0050.wav,/kaggle/working/segmented_dataset/Sylheti_B8tTlSZo7Z8_seg0050.wav,Sylheti,Sylheti_B8tTlSZo7Z8,24.156
Sylheti_B8tTlSZo7Z8_seg0051.wav,/kaggle/working/segmented_dataset/Sylheti_B8tTlSZo7Z8_seg0051.wav,Sylheti,Sylheti_B8tTlSZo7Z8,16.116
Sylheti_B8tTlSZo7Z8_seg0052.wav,/kaggle/working/segmented_dataset/Sylheti_B8tTlSZo7Z8_seg0052.wav,Sylheti,Sylheti_B8tTlSZo7Z8,17.112
Sylheti_B8tTlSZo7Z8_seg0053.wav,/kaggle/working/segmented_dataset/Sylheti_B8tTlSZo7Z8_seg0053.wav,Sylheti,Sylheti_B8tTlSZo7Z8,17.836
Sylheti_B8tTlSZo7Z8_seg0054.wav,/kaggle/working/segmented_dataset/Sylheti_B8tTlSZo7Z8_seg0054.wav,Sylheti,Sylheti_B8tTlSZo7Z8,19.136
Sylheti_B8tTlSZo7Z8_seg0055.wav,/kaggle/working/segmented_dataset/Sylheti_B8tTlSZo7Z8_seg0055.wav,Sylheti,Sylheti_B8tTlSZo7Z8,19.872
Sylheti_B8tTlSZo7Z8_seg0056.wav,/kaggle/working/segmented_dataset/Sylheti_B8tTlSZo7Z8_seg0056.wav,Sylheti,Sylheti_B8tTlSZo7Z8,16.024
Sylheti_B8tTlSZo7Z8_seg0057.wav,/kaggle/working/segmented_dataset/Sylheti_B8tTlSZo7Z8_seg0057.wav,Sylheti,Sylheti_B8tTlSZo7Z8,19.336
Sylheti_B8tTlSZo7Z8_seg0058.wav,/kaggle/working/segmented_dataset/Sylheti_B8tTlSZo7Z8_seg0058.wav,Sylheti,Sylheti_B8tTlSZo7Z8,17.616
Sylheti_B8tTlSZo7Z8_seg0059.wav,/kaggle/working/segmented_dataset/Sylheti_B8tTlSZo7Z8_seg0059.wav,Sylheti,Sylheti_B8tTlSZo7Z8,14.376
Sylheti_B8tTlSZo7Z8_seg0060.wav,/kaggle/working/segmented_dataset/Sylheti_B8tTlSZo7Z8_seg0060.wav,Sylheti,Sylheti_B8tTlSZo7Z8,19.192
Sylheti_B8tTlSZo7Z8_seg0061.wav,/kaggle/working/segmented_dataset/Sylheti_B8tTlSZo7Z8_seg0061.wav,Sylheti,Sylheti_B8tTlSZo7Z8,19.432
Sylheti_B8tTlSZo7Z8_seg0062.wav,/kaggle/working/segmented_dataset/Sylheti_B8tTlSZo7Z8_seg0062.wav,Sylheti,Sylheti_B8tTlSZo7Z8,19.528
Sylheti_B8tTlSZo7Z8_seg0063.wav,/kaggle/working/segmented_dataset/Sylheti_B8tTlSZo7Z8_seg0063.wav,Sylheti,Sylheti_B8tTlSZo7Z8,18.204
Sylheti_B8tTlSZo7Z8_seg0064.wav,/kaggle/working/segmented_dataset/Sylheti_B8tTlSZo7Z8_seg0064.wav,Sylheti,Sylheti_B8tTlSZo7Z8,16.72
Sylheti_B8tTlSZo7Z8_seg0065.wav,/kaggle/working/segmented_dataset/Sylheti_B8tTlSZo7Z8_seg0065.wav,Sylheti,Sylheti_B8tTlSZo7Z8,13.468
Sylheti_B8tTlSZo7Z8_seg0066.wav,/kaggle/working/segmented_dataset/Sylheti_B8tTlSZo7Z8_seg0066.wav,Sylheti,Sylheti_B8tTlSZo7Z8,17.208
Sylheti_B8tTlSZo7Z8_seg0067.wav,/kaggle/working/segmented_dataset/Sylheti_B8tTlSZo7Z8_seg0067.wav,Sylheti,Sylheti_B8tTlSZo7Z8,19.408
Sylheti_B8tTlSZo7Z8_seg0068.wav,/kaggle/working/segmented_dataset/Sylheti_B8tTlSZo7Z8_seg0068.wav,Sylheti,Sylheti_B8tTlSZo7Z8,17.484
Sylheti_B8tTlSZo7Z8_seg0069.wav,/kaggle/working/segmented_dataset/Sylheti_B8tTlSZo7Z8_seg0069.wav,Sylheti,Sylheti_B8tTlSZo7Z8,19.956
Sylheti_B8tTlSZo7Z8_seg0070.wav,/kaggle/working/segmented_dataset/Sylheti_B8tTlSZo7Z8_seg0070.wav,Sylheti,Sylheti_B8tTlSZo7Z8,18.144
Sylheti_B8tTlSZo7Z8_seg0071.wav,/kaggle/working/segmented_dataset/Sylheti_B8tTlSZo7Z8_seg0071.wav,Sylheti,Sylheti_B8tTlSZo7Z8,17.804
Sylheti_B8tTlSZo7Z8_seg0072.wav,/kaggle/working/segmented_dataset/Sylheti_B8tTlSZo7Z8_seg0072.wav,Sylheti,Sylheti_B8tTlSZo7Z8,18.08
Sylheti_B8tTlSZo7Z8_seg0073.wav,/kaggle/working/segmented_dataset/Sylheti_B8tTlSZo7Z8_seg0073.wav,Sylheti,Sylheti_B8tTlSZo7Z8,18.28
Sylheti_B8tTlSZo7Z8_seg0074.wav,/kaggle/working/segmented_dataset/Sylheti_B8tTlSZo7Z8_seg0074.wav,Sylheti,Sylheti_B8tTlSZo7Z8,23.068
Sylheti_B8tTlSZo7Z8_seg0075.wav,/kaggle/working/segmented_dataset/Sylheti_B8tTlSZo7Z8_seg0075.wav,Sylheti,Sylheti_B8tTlSZo7Z8,4.796
Sylheti_B8tTlSZo7Z8_seg0076.wav,/kaggle/working/segmented_dataset/Sylheti_B8tTlSZo7Z8_seg0076.wav,Sylheti,Sylheti_B8tTlSZo7Z8,26.78
Sylheti_B8tTlSZo7Z8_seg0077.wav,/kaggle/working/segmented_dataset/Sylheti_B8tTlSZo7Z8_seg0077.wav,Sylheti,Sylheti_B8tTlSZo7Z8,15.088
Sylheti_B8tTlSZo7Z8_seg0078.wav,/kaggle/working/segmented_dataset/Sylheti_B8tTlSZo7Z8_seg0078.wav,Sylheti,Sylheti_B8tTlSZo7Z8,11.764
Sylheti_B8tTlSZo7Z8_seg0079.wav,/kaggle/working/segmented_dataset/Sylheti_B8tTlSZo7Z8_seg0079.wav,Sylheti,Sylheti_B8tTlSZo7Z8,19.064
Sylheti_B8tTlSZo7Z8_seg0080.wav,/kaggle/working/segmented_dataset/Sylheti_B8tTlSZo7Z8_seg0080.wav,Sylheti,Sylheti_B8tTlSZo7Z8,13.292
Sylheti_B8tTlSZo7Z8_seg0081.wav,/kaggle/working/segmented_dataset/Sylheti_B8tTlSZo7Z8_seg0081.wav,Sylheti,Sylheti_B8tTlSZo7Z8,9.72
Sylheti_B8tTlSZo7Z8_seg0082.wav,/kaggle/working/segmented_dataset/Sylheti_B8tTlSZo7Z8_seg0082.wav,Sylheti,Sylheti_B8tTlSZo7Z8,17.3
Sylheti_B8tTlSZo7Z8_seg0083.wav,/kaggle/working/segmented_dataset/Sylheti_B8tTlSZo7Z8_seg0083.wav,Sylheti,Sylheti_B8tTlSZo7Z8,4.152
Sylheti_B8tTlSZo7Z8_seg0084.wav,/kaggle/working/segmented_dataset/Sylheti_B8tTlSZo7Z8_seg0084.wav,Sylheti,Sylheti_B8tTlSZo7Z8,24.956
Sylheti_B8tTlSZo7Z8_seg0085.wav,/kaggle/working/segmented_dataset/Sylheti_B8tTlSZo7Z8_seg0085.wav,Sylheti,Sylheti_B8tTlSZo7Z8,8.86
Sylheti_B8tTlSZo7Z8_seg0086.wav,/kaggle/working/segmented_dataset/Sylheti_B8tTlSZo7Z8_seg0086.wav,Sylheti,Sylheti_B8tTlSZo7Z8,14.704
Sylheti_B8tTlSZo7Z8_seg0087.wav,/kaggle/working/segmented_dataset/Sylheti_B8tTlSZo7Z8_seg0087.wav,Sylheti,Sylheti_B8tTlSZo7Z8,19.324
Sylheti_B8tTlSZo7Z8_seg0088.wav,/kaggle/working/segmented_dataset/Sylheti_B8tTlSZo7Z8_seg0088.wav,Sylheti,Sylheti_B8tTlSZo7Z8,18.692
Sylheti_B8tTlSZo7Z8_seg0089.wav,/kaggle/working/segmented_dataset/Sylheti_B8tTlSZo7Z8_seg0089.wav,Sylheti,Sylheti_B8tTlSZo7Z8,13.228
